x,y,time,keys,pressed,sofar
310,287,364085,,"[0, 0, 0, 0, 0, 0, 0, 0]",0
310,287,364151,,"[0, 0, 0, 0, 0, 0, 0, 0]",0
310,287,364168,,"[0, 0, 0, 0, 0, 0, 0, 0]",0
310,287,364185,,"[0, 0, 0, 0, 0, 0, 0, 0]",0
310,287,364201,,"[0, 0, 0, 0, 0, 0, 0, 0]",0
310,287,364218,,"[0, 0, 0, 0, 0, 0, 0, 0]",0
310,287,364235,,"[0, 0, 0, 0, 0, 0, 0, 0]",0
310,287,364251,,"[0, 0, 0, 0, 0, 0, 0, 0]",0
310,287,364268,,"[0, 0, 0, 0, 0, 0, 0, 0]",0
310,287,364285,U,"[0, 0, 0, 0, 0, 0, 0, 0]",0
310,287,364301,U,"[0, 0, 0, 0, 0, 0, 0, 0]",0
310,286,364318,U,"[0, 0, 0, 0, 0, 0, 0, 0]",0
310,285,364335,U,"[0, 0, 0, 0, 0, 0, 0, 0]",0
310,285,364351,U,"[0, 0, 0, 0, 0, 0, 0, 0]",0
310,284,364368,U,"[0, 0, 0, 0, 0, 0, 0, 0]",0
310,283,364385,U,"[0, 0, 0, 0, 0, 0, 0, 0]",0
310,282,364401,U,"[0, 0, 0, 0, 0, 0, 0, 0]",0
310,281,364418,,"[0, 0, 0, 0, 0, 0, 0, 0]",0
310,280,364435,,"[0, 0, 0, 0, 0, 0, 0, 0]",0
310,280,364451,,"[0, 0, 0, 0, 0, 0, 0, 0]",0
310,280,364468,,"[0, 0, 0, 0, 0, 0, 0, 0]",0
310,280,364485,,"[0, 0, 0, 0, 0, 0, 0, 0]",0
310,280,364501,,"[0, 0, 0, 0, 0, 0, 0, 0]",0
310,280,364518,,"[0, 0, 0, 0, 0, 0, 0, 0]",0
310,280,364535,,"[0, 0, 0, 0, 0, 0, 0, 0]",0
310,280,364551,,"[0, 0, 0, 0, 0, 0, 0, 0]",0
310,280,364568,,"[0, 0, 0, 0, 0, 0, 0, 0]",0
310,280,364585,,"[0, 0, 0, 0, 0, 0, 0, 0]",0
310,280,364601,,"[0, 0, 0, 0, 0, 0, 0, 0]",0
310,280,364618,,"[0, 0, 0, 0, 0, 0, 0, 0]",0
310,280,364635,,"[0, 0, 0, 0, 0, 0, 0, 0]",0
310,280,364651,,"[0, 0, 0, 0, 0, 0, 0, 0]",0
310,280,364668,,"[0, 0, 0, 0, 0, 0, 0, 0]",0
310,280,364685,,"[0, 0, 0, 0, 0, 0, 0, 0]",0
310,280,364701,,"[0, 0, 0, 0, 0, 0, 0, 0]",0
310,280,364718,,"[0, 0, 0, 0, 0, 0, 0, 0]",0
310,280,364735,,"[0, 0, 0, 0, 0, 0, 0, 0]",0
310,280,364751,,"[0, 0, 0, 0, 0, 0, 0, 0]",0
310,280,364768,,"[0, 0, 0, 0, 0, 0, 0, 0]",0
310,280,364785,,"[0, 0, 0, 0, 0, 0, 0, 0]",0
310,280,364801,,"[0, 0, 0, 0, 0, 0, 0, 0]",0
310,280,364818,,"[0, 0, 0, 0, 0, 0, 0, 0]",0
310,280,364835,,"[0, 0, 0, 0, 0, 0, 0, 0]",0
310,280,364851,,"[0, 0, 0, 0, 0, 0, 0, 0]",0
310,280,364868,,"[0, 0, 0, 0, 0, 0, 0, 0]",0
310,280,364885,,"[0, 0, 0, 0, 0, 0, 0, 0]",0
310,280,364901,,"[0, 0, 0, 0, 0, 0, 0, 0]",0
310,280,364918,,"[0, 0, 0, 0, 0, 0, 0, 0]",0
310,280,364935,,"[0, 0, 0, 0, 0, 0, 0, 0]",0
310,280,364951,,"[0, 0, 0, 0, 0, 0, 0, 0]",0
310,280,364968,,"[0, 0, 0, 0, 0, 0, 0, 0]",0
310,280,364985,,"[0, 0, 0, 0, 0, 0, 0, 0]",0
310,280,365001,,"[0, 0, 0, 0, 0, 0, 0, 0]",0
310,280,365018,,"[0, 0, 0, 0, 0, 0, 0, 0]",0
310,280,365035,U,"[0, 0, 0, 0, 0, 0, 0, 0]",0
310,280,365051,U,"[0, 0, 0, 0, 0, 0, 0, 0]",0
310,280,365068,U,"[0, 0, 0, 0, 0, 0, 0, 0]",0
310,279,365085,U,"[0, 0, 0, 0, 0, 0, 0, 0]",0
310,278,365101,U,"[0, 0, 0, 0, 0, 0, 0, 0]",0
310,277,365118,U,"[0, 0, 0, 0, 0, 0, 0, 0]",0
310,276,365135,U,"[0, 0, 0, 0, 0, 0, 0, 0]",0
310,275,365151,U,"[0, 0, 0, 0, 0, 0, 0, 0]",0
310,275,365168,U,"[0, 0, 0, 0, 0, 0, 0, 0]",0
310,274,365185,U,"[0, 0, 0, 0, 0, 0, 0, 0]",0
310,273,365201,U,"[0, 0, 0, 0, 0, 0, 0, 0]",0
310,272,365218,U,"[0, 0, 0, 0, 0, 0, 0, 0]",0
310,271,365235,U,"[0, 0, 0, 0, 0, 0, 0, 0]",0
310,270,365251,U,"[0, 0, 0, 0, 0, 0, 0, 0]",0
310,270,365268,U,"[0, 0, 0, 0, 0, 0, 0, 0]",0
310,269,365285,U,"[0, 0, 0, 0, 0, 0, 0, 0]",0
310,268,365301,U,"[0, 0, 0, 0, 0, 0, 0, 0]",0
310,267,365318,U,"[0, 0, 0, 0, 0, 0, 0, 0]",0
310,266,365335,U,"[0, 0, 0, 0, 0, 0, 0, 0]",0
310,265,365351,U,"[0, 0, 0, 0, 0, 0, 0, 0]",0
310,265,365368,U,"[0, 0, 0, 0, 0, 0, 0, 0]",0
310,264,365385,U,"[0, 0, 0, 0, 0, 0, 0, 0]",0
310,263,365401,U,"[0, 0, 0, 0, 0, 0, 0, 0]",0
310,262,365418,U,"[0, 0, 0, 0, 0, 0, 0, 0]",0
310,261,365435,U,"[0, 0, 0, 0, 0, 0, 0, 0]",0
310,260,365451,U,"[0, 0, 0, 0, 0, 0, 0, 0]",0
310,260,365468,U,"[0, 0, 0, 0, 0, 0, 0, 0]",0
310,259,365485,U,"[0, 0, 0, 0, 0, 0, 0, 0]",0
310,258,365501,U,"[0, 0, 0, 0, 0, 0, 0, 0]",0
310,257,365518,U,"[0, 0, 0, 0, 0, 0, 0, 0]",0
310,256,365535,U,"[0, 0, 0, 0, 0, 0, 0, 0]",0
310,255,365568,U,"[0, 0, 0, 0, 0, 0, 0, 0]",0
310,255,365585,U,"[0, 0, 0, 0, 0, 0, 0, 0]",0
310,254,365601,U,"[0, 0, 0, 0, 0, 0, 0, 0]",0
310,253,365618,U,"[0, 0, 0, 0, 0, 0, 0, 0]",0
310,252,365635,U,"[0, 0, 0, 0, 0, 0, 0, 0]",0
310,251,365651,U,"[0, 0, 0, 0, 0, 0, 0, 0]",0
310,250,365668,U,"[0, 0, 0, 0, 0, 0, 0, 0]",0
310,250,365685,U,"[0, 0, 0, 0, 0, 0, 0, 0]",0
310,249,365701,U,"[0, 0, 0, 0, 0, 0, 0, 0]",0
310,248,365718,U,"[0, 0, 0, 0, 0, 0, 0, 0]",0
310,247,365735,U,"[0, 0, 0, 0, 0, 0, 0, 0]",0
310,246,365751,U,"[0, 0, 0, 0, 0, 0, 0, 0]",0
310,245,365768,U,"[0, 0, 0, 0, 0, 0, 0, 0]",0
310,245,365785,U,"[0, 0, 0, 0, 0, 0, 0, 0]",0
310,244,365801,U,"[0, 0, 0, 0, 0, 0, 0, 0]",0
310,243,365818,U,"[0, 0, 0, 0, 0, 0, 0, 0]",0
310,242,365835,U,"[0, 0, 0, 0, 0, 0, 0, 0]",0
310,241,365851,U,"[0, 0, 0, 0, 0, 0, 0, 0]",0
310,240,365868,U,"[0, 0, 0, 0, 0, 0, 0, 0]",0
310,240,365885,U,"[0, 0, 0, 0, 0, 0, 0, 0]",0
310,239,365901,U,"[0, 0, 0, 0, 0, 0, 0, 0]",0
310,238,365918,U,"[0, 0, 0, 0, 0, 0, 0, 0]",0
310,237,365935,U,"[0, 0, 0, 0, 0, 0, 0, 0]",0
310,236,365951,U,"[0, 0, 0, 0, 0, 0, 0, 0]",0
310,235,365968,U,"[0, 0, 0, 0, 0, 0, 0, 0]",0
310,234,365985,U,"[0, 0, 0, 0, 0, 0, 0, 0]",0
310,234,366001,U,"[0, 0, 0, 0, 0, 0, 0, 0]",0
310,233,366018,U,"[0, 0, 0, 0, 0, 0, 0, 0]",0
310,232,366035,U,"[0, 0, 0, 0, 0, 0, 0, 0]",0
310,231,366051,U,"[0, 0, 0, 0, 0, 0, 0, 0]",0
310,230,366068,,"[0, 0, 0, 0, 0, 0, 0, 0]",0
310,229,366085,,"[0, 0, 0, 0, 0, 0, 0, 0]",0
310,229,366101,,"[0, 0, 0, 0, 0, 0, 0, 0]",0
310,229,366118,,"[0, 0, 0, 0, 0, 0, 0, 0]",0
310,229,366135,,"[0, 0, 0, 0, 0, 0, 0, 0]",0
310,229,366151,L,"[0, 0, 0, 0, 0, 0, 0, 0]",0
310,229,366168,L,"[0, 0, 0, 0, 0, 0, 0, 0]",0
309,229,366185,L,"[0, 0, 0, 0, 0, 0, 0, 0]",0
308,229,366201,L,"[0, 0, 0, 0, 0, 0, 0, 0]",0
308,229,366218,,"[0, 0, 0, 0, 0, 0, 0, 0]",0
307,229,366235,,"[0, 0, 0, 0, 0, 0, 0, 0]",0
307,229,366251,,"[0, 0, 0, 0, 0, 0, 0, 0]",0
307,229,366268,,"[0, 0, 0, 0, 0, 0, 0, 0]",0
307,229,366285,,"[0, 0, 0, 0, 0, 0, 0, 0]",0
307,229,366301,,"[0, 0, 0, 0, 0, 0, 0, 0]",0
307,229,366318,,"[0, 0, 0, 0, 0, 0, 0, 0]",0
307,229,366335,,"[0, 0, 0, 0, 0, 0, 0, 0]",0
307,229,366351,,"[0, 0, 0, 0, 0, 0, 0, 0]",0
307,229,366368,,"[0, 0, 0, 0, 0, 0, 0, 0]",0
307,229,366385,,"[0, 0, 0, 0, 0, 0, 0, 0]",0
307,229,366401,,"[0, 0, 0, 0, 0, 0, 0, 0]",0
307,229,366418,,"[0, 0, 0, 0, 0, 0, 0, 0]",0
307,229,366435,,"[0, 0, 0, 0, 0, 0, 0, 0]",0
307,229,366451,,"[0, 0, 0, 0, 0, 0, 0, 0]",0
307,229,366468,,"[0, 0, 0, 0, 0, 0, 0, 0]",0
307,229,366485,,"[0, 0, 0, 0, 0, 0, 0, 0]",0
307,229,366501,,"[0, 0, 0, 0, 0, 0, 0, 0]",0
307,229,366518,,"[0, 0, 0, 0, 0, 0, 0, 0]",0
307,229,366535,,"[0, 0, 0, 0, 0, 0, 0, 0]",0
307,229,366551,,"[0, 0, 0, 0, 0, 0, 0, 0]",0
307,229,366568,,"[0, 0, 0, 0, 0, 0, 0, 0]",0
307,229,366585,,"[0, 0, 0, 0, 0, 0, 0, 0]",0
307,229,366601,,"[0, 0, 0, 0, 0, 0, 0, 0]",0
307,229,366618,,"[0, 0, 0, 0, 0, 0, 0, 0]",0
307,229,366635,,"[0, 0, 0, 0, 0, 0, 0, 0]",0
307,229,366651,,"[0, 0, 0, 0, 0, 0, 0, 0]",0
307,229,366668,,"[0, 0, 0, 0, 0, 0, 0, 0]",0
307,229,366685,,"[0, 0, 0, 0, 0, 0, 0, 0]",0
307,229,366701,,"[0, 0, 0, 0, 0, 0, 0, 0]",0
307,229,366718,,"[0, 0, 0, 0, 0, 0, 0, 0]",0
307,229,366735,,"[0, 0, 0, 0, 0, 0, 0, 0]",0
307,229,366751,,"[0, 0, 0, 0, 0, 0, 0, 0]",0
307,229,366768,,"[0, 0, 0, 0, 0, 0, 0, 0]",0
307,229,366785,,"[0, 0, 0, 0, 0, 0, 0, 0]",0
307,229,366801,,"[0, 0, 0, 0, 0, 0, 0, 0]",0
307,229,366818,,"[0, 0, 0, 0, 0, 0, 0, 0]",0
307,229,366835,,"[0, 0, 0, 0, 0, 0, 0, 0]",0
307,229,366851,,"[0, 0, 0, 0, 0, 0, 0, 0]",0
307,229,366868,,"[0, 0, 0, 0, 0, 0, 0, 0]",0
307,229,366885,,"[0, 0, 0, 0, 0, 0, 0, 0]",0
307,229,366901,,"[0, 0, 0, 0, 0, 0, 0, 0]",0
307,229,366918,,"[0, 0, 0, 0, 0, 0, 0, 0]",0
307,229,366935,,"[0, 0, 0, 0, 0, 0, 0, 0]",0
307,229,366951,,"[0, 0, 0, 0, 0, 0, 0, 0]",0
307,229,366968,,"[0, 0, 0, 0, 0, 0, 0, 0]",0
307,229,366985,,"[0, 0, 0, 0, 0, 0, 0, 0]",0
307,229,367001,,"[0, 0, 0, 0, 0, 0, 0, 0]",0
307,229,367018,,"[0, 0, 0, 0, 0, 0, 0, 0]",0
307,229,367035,,"[0, 0, 0, 0, 0, 0, 0, 0]",0
307,229,367051,,"[0, 0, 0, 0, 0, 0, 0, 0]",0
307,229,367068,,"[0, 0, 0, 0, 0, 0, 0, 0]",0
307,229,367085,,"[0, 0, 0, 0, 0, 0, 0, 0]",0
307,229,367101,U,"[0, 0, 0, 0, 0, 0, 0, 0]",0
307,229,367118,U,"[0, 0, 0, 0, 0, 0, 0, 0]",0
307,229,367135,U,"[0, 0, 0, 0, 0, 0, 0, 0]",0
307,228,367151,U,"[0, 0, 0, 0, 0, 0, 0, 0]",0
307,227,367168,U,"[0, 0, 0, 0, 0, 0, 0, 0]",0
307,226,367185,U,"[0, 0, 0, 0, 0, 0, 0, 0]",0
307,225,367201,U,"[0, 0, 0, 0, 0, 0, 0, 0]",0
307,224,367218,U,"[0, 0, 0, 0, 0, 0, 0, 0]",0
307,224,367235,U,"[0, 0, 0, 0, 0, 0, 0, 0]",0
307,223,367251,,"[0, 0, 0, 0, 0, 0, 0, 0]",0
307,222,367268,,"[0, 0, 0, 0, 0, 0, 0, 0]",0
307,222,367285,,"[0, 0, 0, 0, 0, 0, 0, 0]",0
307,222,367301,,"[0, 0, 0, 0, 0, 0, 0, 0]",0
307,222,367318,,"[0, 0, 0, 0, 0, 0, 0, 0]",0
307,222,367335,,"[0, 0, 0, 0, 0, 0, 0, 0]",0
307,222,367351,,"[0, 0, 0, 0, 0, 0, 0, 0]",0
307,222,367368,,"[0, 0, 0, 0, 0, 0, 0, 0]",0
307,222,367385,,"[0, 0, 0, 0, 0, 0, 0, 0]",0
307,222,367401,,"[0, 0, 0, 0, 0, 0, 0, 0]",0
307,222,367418,,"[0, 0, 0, 0, 0, 0, 0, 0]",0
307,222,367435,,"[0, 0, 0, 0, 0, 0, 0, 0]",0
307,222,367451,,"[0, 0, 0, 0, 0, 0, 0, 0]",0
307,222,367468,,"[0, 0, 0, 0, 0, 0, 0, 0]",0
307,222,367485,,"[0, 0, 0, 0, 0, 0, 0, 0]",0
307,222,367501,,"[0, 0, 0, 0, 0, 0, 0, 0]",0
307,222,367518,,"[0, 0, 0, 0, 0, 0, 0, 0]",0
307,222,367535,,"[0, 0, 0, 0, 0, 0, 0, 0]",0
307,222,367551,,"[0, 0, 0, 0, 0, 0, 0, 0]",0
307,222,367568,,"[0, 0, 0, 0, 0, 0, 0, 0]",0
307,222,367585,,"[0, 0, 0, 0, 0, 0, 0, 0]",0
307,222,367601,,"[0, 0, 0, 0, 0, 0, 0, 0]",0
307,222,367618,,"[0, 0, 0, 0, 0, 0, 0, 0]",0
307,222,367635,,"[0, 0, 0, 0, 0, 0, 0, 0]",0
307,222,367651,,"[0, 0, 0, 0, 0, 0, 0, 0]",0
307,222,367668,D,"[0, 0, 0, 0, 0, 0, 0, 0]",0
307,222,367685,D,"[0, 0, 0, 0, 0, 0, 0, 0]",0
307,223,367701,D,"[0, 0, 0, 0, 0, 0, 0, 0]",0
307,224,367718,D,"[0, 0, 0, 0, 0, 0, 0, 0]",0
307,224,367735,D,"[0, 0, 0, 0, 0, 0, 0, 0]",0
307,225,367751,D,"[0, 0, 0, 0, 0, 0, 0, 0]",0
307,226,367768,D,"[0, 0, 0, 0, 0, 0, 0, 0]",0
307,227,367785,D,"[0, 0, 0, 0, 0, 0, 0, 0]",0
307,228,367801,D,"[0, 0, 0, 0, 0, 0, 0, 0]",0
307,229,367818,D,"[0, 0, 0, 0, 0, 0, 0, 0]",0
307,229,367835,D,"[0, 0, 0, 0, 0, 0, 0, 0]",0
307,230,367851,D,"[0, 0, 0, 0, 0, 0, 0, 0]",0
307,231,367868,D,"[0, 0, 0, 0, 0, 0, 0, 0]",0
307,232,367885,D,"[0, 0, 0, 0, 0, 0, 0, 0]",0
307,233,367901,D,"[0, 0, 0, 0, 0, 0, 0, 0]",0
307,234,367918,D,"[0, 0, 0, 0, 0, 0, 0, 0]",0
307,234,367935,D,"[0, 0, 0, 0, 0, 0, 0, 0]",0
307,235,367951,D,"[0, 0, 0, 0, 0, 0, 0, 0]",0
307,236,367968,D,"[0, 0, 0, 0, 0, 0, 0, 0]",0
307,237,367985,D,"[0, 0, 0, 0, 0, 0, 0, 0]",0
307,238,368001,,"[0, 0, 0, 0, 0, 0, 0, 0]",0
307,239,368018,,"[0, 0, 0, 0, 0, 0, 0, 0]",0
307,239,368035,,"[0, 0, 0, 0, 0, 0, 0, 0]",0
307,239,368051,,"[0, 0, 0, 0, 0, 0, 0, 0]",0
307,239,368068,L,"[0, 0, 0, 0, 0, 0, 0, 0]",0
307,239,368085,L,"[0, 0, 0, 0, 0, 0, 0, 0]",0
306,239,368101,L,"[0, 0, 0, 0, 0, 0, 0, 0]",0
305,239,368118,L,"[0, 0, 0, 0, 0, 0, 0, 0]",0
304,239,368135,L,"[0, 0, 0, 0, 0, 0, 0, 0]",0
303,239,368151,L,"[0, 0, 0, 0, 0, 0, 0, 0]",0
303,239,368168,L,"[0, 0, 0, 0, 0, 0, 0, 0]",0
302,239,368185,L,"[0, 0, 0, 0, 0, 0, 0, 0]",0
301,239,368201,L,"[0, 0, 0, 0, 0, 0, 0, 0]",0
300,239,368218,L,"[0, 0, 0, 0, 0, 0, 0, 0]",0
299,239,368235,L,"[0, 0, 0, 0, 0, 0, 0, 0]",0
298,239,368251,L,"[0, 0, 0, 0, 0, 0, 0, 0]",0
298,239,368268,L,"[0, 0, 0, 0, 0, 0, 0, 0]",0
297,239,368285,L,"[0, 0, 0, 0, 0, 0, 0, 0]",0
296,239,368301,L,"[0, 0, 0, 0, 0, 0, 0, 0]",0
295,239,368318,L,"[0, 0, 0, 0, 0, 0, 0, 0]",0
294,239,368335,L,"[0, 0, 0, 0, 0, 0, 0, 0]",0
293,239,368351,L,"[0, 0, 0, 0, 0, 0, 0, 0]",0
293,239,368368,L,"[0, 0, 0, 0, 0, 0, 0, 0]",0
292,239,368385,L,"[0, 0, 0, 0, 0, 0, 0, 0]",0
291,239,368401,L,"[0, 0, 0, 0, 0, 0, 0, 0]",0
290,239,368418,L,"[0, 0, 0, 0, 0, 0, 0, 0]",0
289,239,368435,L,"[0, 0, 0, 0, 0, 0, 0, 0]",0
288,239,368451,L,"[0, 0, 0, 0, 0, 0, 0, 0]",0
288,239,368468,L,"[0, 0, 0, 0, 0, 0, 0, 0]",0
287,239,368485,L,"[0, 0, 0, 0, 0, 0, 0, 0]",0
286,239,368518,L,"[0, 0, 0, 0, 0, 0, 0, 0]",0
285,239,368535,L,"[0, 0, 0, 0, 0, 0, 0, 0]",0
284,239,368551,L,"[0, 0, 0, 0, 0, 0, 0, 0]",0
283,239,368568,L,"[0, 0, 0, 0, 0, 0, 0, 0]",0
283,239,368585,L,"[0, 0, 0, 0, 0, 0, 0, 0]",0
282,239,368601,L,"[0, 0, 0, 0, 0, 0, 0, 0]",0
281,239,368618,L,"[0, 0, 0, 0, 0, 0, 0, 0]",0
280,239,368635,L,"[0, 0, 0, 0, 0, 0, 0, 0]",0
279,239,368651,L,"[0, 0, 0, 0, 0, 0, 0, 0]",0
278,239,368701,L,"[0, 0, 0, 0, 0, 0, 0, 0]",0
278,239,368718,L,"[0, 0, 0, 0, 0, 0, 0, 0]",0
277,239,368735,L,"[0, 0, 0, 0, 0, 0, 0, 0]",0
276,239,368751,L,"[0, 0, 0, 0, 0, 0, 0, 0]",0
275,239,368768,L,"[0, 0, 0, 0, 0, 0, 0, 0]",0
274,239,368785,L,"[0, 0, 0, 0, 0, 0, 0, 0]",0
273,239,368801,L,"[0, 0, 0, 0, 0, 0, 0, 0]",0
273,239,368818,L,"[0, 0, 0, 0, 0, 0, 0, 0]",0
272,239,368835,L,"[0, 0, 0, 0, 0, 0, 0, 0]",0
271,239,368851,L,"[0, 0, 0, 0, 0, 0, 0, 0]",0
270,239,368868,L,"[0, 0, 0, 0, 0, 0, 0, 0]",0
269,239,368885,L,"[0, 0, 0, 0, 0, 0, 0, 0]",0
268,239,368901,L,"[0, 0, 0, 0, 0, 0, 0, 0]",0
268,239,368918,L,"[0, 0, 0, 0, 0, 0, 0, 0]",0
267,239,368935,L,"[0, 0, 0, 0, 0, 0, 0, 0]",0
266,239,368951,L,"[0, 0, 0, 0, 0, 0, 0, 0]",0
265,239,368968,L,"[0, 0, 0, 0, 0, 0, 0, 0]",0
264,239,368985,L,"[0, 0, 0, 0, 0, 0, 0, 0]",0
263,239,369001,L,"[0, 0, 0, 0, 0, 0, 0, 0]",0
263,239,369018,L,"[0, 0, 0, 0, 0, 0, 0, 0]",0
262,239,369035,L,"[0, 0, 0, 0, 0, 0, 0, 0]",0
261,239,369051,L,"[0, 0, 0, 0, 0, 0, 0, 0]",0
260,239,369068,L,"[0, 0, 0, 0, 0, 0, 0, 0]",0
259,239,369085,L,"[0, 0, 0, 0, 0, 0, 0, 0]",0
258,239,369101,L,"[0, 0, 0, 0, 0, 0, 0, 0]",0
258,239,369118,L,"[0, 0, 0, 0, 0, 0, 0, 0]",0
257,239,369135,L,"[0, 0, 0, 0, 0, 0, 0, 0]",0
256,239,369151,L,"[0, 0, 0, 0, 0, 0, 0, 0]",0
255,239,369168,L,"[0, 0, 0, 0, 0, 0, 0, 0]",0
254,239,369185,L,"[0, 0, 0, 0, 0, 0, 0, 0]",0
253,239,369201,L,"[0, 0, 0, 0, 0, 0, 0, 0]",0
253,239,369218,L,"[0, 0, 0, 0, 0, 0, 0, 0]",0
252,239,369235,L,"[0, 0, 0, 0, 0, 0, 0, 0]",0
251,239,369251,L,"[0, 0, 0, 0, 0, 0, 0, 0]",0
250,239,369268,L,"[0, 0, 0, 0, 0, 0, 0, 0]",0
249,239,369285,L,"[0, 0, 0, 0, 0, 0, 0, 0]",0
248,239,369301,L,"[0, 0, 0, 0, 0, 0, 0, 0]",0
248,239,369318,L,"[0, 0, 0, 0, 0, 0, 0, 0]",0
247,239,369335,L,"[0, 0, 0, 0, 0, 0, 0, 0]",0
246,239,369351,L,"[0, 0, 0, 0, 0, 0, 0, 0]",0
245,239,369368,L,"[0, 0, 0, 0, 0, 0, 0, 0]",0
244,239,369385,L,"[0, 0, 0, 0, 0, 0, 0, 0]",0
243,239,369401,L,"[0, 0, 0, 0, 0, 0, 0, 0]",0
243,239,369418,L,"[0, 0, 0, 0, 0, 0, 0, 0]",0
242,239,369435,L,"[0, 0, 0, 0, 0, 0, 0, 0]",0
241,239,369451,L,"[0, 0, 0, 0, 0, 0, 0, 0]",0
240,239,369468,L,"[0, 0, 0, 0, 0, 0, 0, 0]",0
239,239,369485,L,"[0, 0, 0, 0, 0, 0, 0, 0]",0
238,239,369501,L,"[0, 0, 0, 0, 0, 0, 0, 0]",0
238,239,369518,L,"[0, 0, 0, 0, 0, 0, 0, 0]",0
237,239,369535,L,"[0, 0, 0, 0, 0, 0, 0, 0]",0
236,239,369551,L,"[0, 0, 0, 0, 0, 0, 0, 0]",0
235,239,369568,L,"[0, 0, 0, 0, 0, 0, 0, 0]",0
234,239,369601,L,"[0, 0, 0, 0, 0, 0, 0, 0]",0
233,239,369618,L,"[0, 0, 0, 0, 0, 0, 0, 0]",0
233,239,369635,L,"[0, 0, 0, 0, 0, 0, 0, 0]",0
232,239,369651,L,"[0, 0, 0, 0, 0, 0, 0, 0]",0
231,239,369668,L,"[0, 0, 0, 0, 0, 0, 0, 0]",0
230,239,369685,L,"[0, 0, 0, 0, 0, 0, 0, 0]",0
229,239,369701,L,"[0, 0, 0, 0, 0, 0, 0, 0]",0
228,239,369718,L,"[0, 0, 0, 0, 0, 0, 0, 0]",0
228,239,369735,L,"[0, 0, 0, 0, 0, 0, 0, 0]",0
227,239,369751,L,"[0, 0, 0, 0, 0, 0, 0, 0]",0
226,239,369768,L,"[0, 0, 0, 0, 0, 0, 0, 0]",0
225,239,369785,L,"[0, 0, 0, 0, 0, 0, 0, 0]",0
224,239,369801,L,"[0, 0, 0, 0, 0, 0, 0, 0]",0
223,239,369818,L,"[0, 0, 0, 0, 0, 0, 0, 0]",0
223,239,369835,L,"[0, 0, 0, 0, 0, 0, 0, 0]",0
222,239,369851,L,"[0, 0, 0, 0, 0, 0, 0, 0]",0
221,239,369868,L,"[0, 0, 0, 0, 0, 0, 0, 0]",0
220,239,369885,L,"[0, 0, 0, 0, 0, 0, 0, 0]",0
219,239,369901,L,"[0, 0, 0, 0, 0, 0, 0, 0]",0
218,239,369918,L,"[0, 0, 0, 0, 0, 0, 0, 0]",0
218,239,369935,L,"[0, 0, 0, 0, 0, 0, 0, 0]",0
217,239,369951,L,"[0, 0, 0, 0, 0, 0, 0, 0]",0
216,239,369968,L,"[0, 0, 0, 0, 0, 0, 0, 0]",0
215,239,369985,L,"[0, 0, 0, 0, 0, 0, 0, 0]",0
214,239,370001,L,"[0, 0, 0, 0, 0, 0, 0, 0]",0
213,239,370018,L,"[0, 0, 0, 0, 0, 0, 0, 0]",0
213,239,370035,L,"[0, 0, 0, 0, 0, 0, 0, 0]",0
212,239,370051,L,"[0, 0, 0, 0, 0, 0, 0, 0]",0
211,239,370068,L,"[0, 0, 0, 0, 0, 0, 0, 0]",0
210,239,370085,L,"[0, 0, 0, 0, 0, 0, 0, 0]",0
209,239,370101,L,"[0, 0, 0, 0, 0, 0, 0, 0]",0
208,239,370118,L,"[0, 0, 0, 0, 0, 0, 0, 0]",0
208,239,370135,L,"[0, 0, 0, 0, 0, 0, 0, 0]",0
207,239,370151,L,"[0, 0, 0, 0, 0, 0, 0, 0]",0
206,239,370168,L,"[0, 0, 0, 0, 0, 0, 0, 0]",0
205,239,370185,L,"[0, 0, 0, 0, 0, 0, 0, 0]",0
204,239,370201,L,"[0, 0, 0, 0, 0, 0, 0, 0]",0
203,239,370218,L,"[0, 0, 0, 0, 0, 0, 0, 0]",0
203,239,370235,L,"[0, 0, 0, 0, 0, 0, 0, 0]",0
202,239,370251,L,"[0, 0, 0, 0, 0, 0, 0, 0]",0
201,239,370268,L,"[0, 0, 0, 0, 0, 0, 0, 0]",0
200,239,370285,L,"[0, 0, 0, 0, 0, 0, 0, 0]",0
199,239,370301,L,"[0, 0, 0, 0, 0, 0, 0, 0]",0
198,239,370318,L,"[0, 0, 0, 0, 0, 0, 0, 0]",0
198,239,370335,L,"[0, 0, 0, 0, 0, 0, 0, 0]",0
197,239,370351,L,"[0, 0, 0, 0, 0, 0, 0, 0]",0
196,239,370368,L,"[0, 0, 0, 0, 0, 0, 0, 0]",0
195,239,370385,L,"[0, 0, 0, 0, 0, 0, 0, 0]",0
194,239,370401,L,"[0, 0, 0, 0, 0, 0, 0, 0]",0
193,239,370418,L,"[0, 0, 0, 0, 0, 0, 0, 0]",0
193,239,370435,L,"[0, 0, 0, 0, 0, 0, 0, 0]",0
192,239,370451,L,"[0, 0, 0, 0, 0, 0, 0, 0]",0
191,239,370468,L,"[0, 0, 0, 0, 0, 0, 0, 0]",0
190,239,370485,L,"[0, 0, 0, 0, 0, 0, 0, 0]",0
189,239,370501,L,"[0, 0, 0, 0, 0, 0, 0, 0]",0
188,239,370518,L,"[0, 0, 0, 0, 0, 0, 0, 0]",0
187,239,370535,L,"[0, 0, 0, 0, 0, 0, 0, 0]",0
187,239,370551,L,"[0, 0, 0, 0, 0, 0, 0, 0]",0
186,239,370568,L,"[0, 0, 0, 0, 0, 0, 0, 0]",0
185,239,370585,L,"[0, 0, 0, 0, 0, 0, 0, 0]",0
184,239,370601,L,"[0, 0, 0, 0, 0, 0, 0, 0]",0
183,239,370618,L,"[0, 0, 0, 0, 0, 0, 0, 0]",0
182,239,370635,L,"[0, 0, 0, 0, 0, 0, 0, 0]",0
182,239,370651,L,"[0, 0, 0, 0, 0, 0, 0, 0]",0
181,239,370668,L,"[0, 0, 0, 0, 0, 0, 0, 0]",0
180,239,370685,L,"[0, 0, 0, 0, 0, 0, 0, 0]",0
179,239,370701,L,"[0, 0, 0, 0, 0, 0, 0, 0]",0
178,239,370718,L,"[0, 0, 0, 0, 0, 0, 0, 0]",0
177,239,370735,L,"[0, 0, 0, 0, 0, 0, 0, 0]",0
177,239,370751,L,"[0, 0, 0, 0, 0, 0, 0, 0]",0
176,239,370768,L,"[0, 0, 0, 0, 0, 0, 0, 0]",0
175,239,370785,L,"[0, 0, 0, 0, 0, 0, 0, 0]",0
174,239,370801,L,"[0, 0, 0, 0, 0, 0, 0, 0]",0
173,239,370818,L,"[0, 0, 0, 0, 0, 0, 0, 0]",0
172,239,370835,L,"[0, 0, 0, 0, 0, 0, 0, 0]",0
172,239,370851,L,"[0, 0, 0, 0, 0, 0, 0, 0]",0
171,239,370868,L,"[0, 0, 0, 0, 0, 0, 0, 0]",0
170,239,370885,L,"[0, 0, 0, 0, 0, 0, 0, 0]",0
169,239,370901,L,"[0, 0, 0, 0, 0, 0, 0, 0]",0
168,239,370918,L,"[0, 0, 0, 0, 0, 0, 0, 0]",0
167,239,370934,L,"[0, 0, 0, 0, 0, 0, 0, 0]",0
167,239,370951,L,"[0, 0, 0, 0, 0, 0, 0, 0]",0
166,239,370968,L,"[0, 0, 0, 0, 0, 0, 0, 0]",0
165,239,370984,L,"[0, 0, 0, 0, 0, 0, 0, 0]",0
164,239,371001,L,"[0, 0, 0, 0, 0, 0, 0, 0]",0
163,239,371018,L,"[0, 0, 0, 0, 0, 0, 0, 0]",0
162,239,371034,L,"[0, 0, 0, 0, 0, 0, 0, 0]",0
162,239,371051,L,"[0, 0, 0, 0, 0, 0, 0, 0]",0
161,239,371068,L,"[0, 0, 0, 0, 0, 0, 0, 0]",0
160,239,371084,L,"[0, 0, 0, 0, 0, 0, 0, 0]",0
159,239,371101,L,"[0, 0, 0, 0, 0, 0, 0, 0]",0
158,239,371118,L,"[0, 0, 0, 0, 0, 0, 0, 0]",0
157,239,371134,L,"[0, 0, 0, 0, 0, 0, 0, 0]",0
157,239,371151,L,"[0, 0, 0, 0, 0, 0, 0, 0]",0
156,239,371168,L,"[0, 0, 0, 0, 0, 0, 0, 0]",0
155,239,371184,L,"[0, 0, 0, 0, 0, 0, 0, 0]",0
154,239,371201,L,"[0, 0, 0, 0, 0, 0, 0, 0]",0
153,239,371218,L,"[0, 0, 0, 0, 0, 0, 0, 0]",0
152,239,371234,L,"[0, 0, 0, 0, 0, 0, 0, 0]",0
152,239,371251,L,"[0, 0, 0, 0, 0, 0, 0, 0]",0
151,239,371268,L,"[0, 0, 0, 0, 0, 0, 0, 0]",0
150,239,371284,L,"[0, 0, 0, 0, 0, 0, 0, 0]",0
149,239,371301,L,"[0, 0, 0, 0, 0, 0, 0, 0]",0
148,239,371318,L,"[0, 0, 0, 0, 0, 0, 0, 0]",0
147,239,371335,L,"[0, 0, 0, 0, 0, 0, 0, 0]",0
147,239,371351,L,"[0, 0, 0, 0, 0, 0, 0, 0]",0
146,239,371368,L,"[0, 0, 0, 0, 0, 0, 0, 0]",0
145,239,371385,L,"[0, 0, 0, 0, 0, 0, 0, 0]",0
144,239,371401,L,"[0, 0, 0, 0, 0, 0, 0, 0]",0
143,239,371418,L,"[0, 0, 0, 0, 0, 0, 0, 0]",0
142,239,371434,L,"[0, 0, 0, 0, 0, 0, 0, 0]",0
142,239,371451,L,"[0, 0, 0, 0, 0, 0, 0, 0]",0
141,239,371468,L,"[0, 0, 0, 0, 0, 0, 0, 0]",0
140,239,371484,L,"[0, 0, 0, 0, 0, 0, 0, 0]",0
139,239,371501,L,"[0, 0, 0, 0, 0, 0, 0, 0]",0
138,239,371518,L,"[0, 0, 0, 0, 0, 0, 0, 0]",0
137,239,371534,L,"[0, 0, 0, 0, 0, 0, 0, 0]",0
137,239,371551,L,"[0, 0, 0, 0, 0, 0, 0, 0]",0
136,239,371568,L,"[0, 0, 0, 0, 0, 0, 0, 0]",0
135,239,371585,L,"[0, 0, 0, 0, 0, 0, 0, 0]",0
134,239,371601,L,"[0, 0, 0, 0, 0, 0, 0, 0]",0
133,239,371618,DL,"[0, 0, 0, 0, 0, 0, 0, 0]",0
132,239,371634,DL,"[0, 0, 0, 0, 0, 0, 0, 0]",0
132,240,371651,DL,"[0, 0, 0, 0, 0, 0, 0, 0]",0
132,240,371668,DL,"[0, 0, 0, 0, 0, 0, 0, 0]",0
132,241,371684,DL,"[0, 0, 0, 0, 0, 0, 0, 0]",0
132,242,371701,DL,"[0, 0, 0, 0, 0, 0, 0, 0]",0
132,243,371718,DL,"[0, 0, 0, 0, 0, 0, 0, 0]",0
132,244,371735,DL,"[0, 0, 0, 0, 0, 0, 0, 0]",0
132,245,371751,DL,"[0, 0, 0, 0, 0, 0, 0, 0]",0
132,245,371768,L,"[0, 0, 0, 0, 0, 0, 0, 0]",0
132,246,371784,L,"[0, 0, 0, 0, 0, 0, 0, 0]",0
132,246,371801,L,"[0, 0, 0, 0, 0, 0, 0, 0]",0
131,246,371818,L,"[0, 0, 0, 0, 0, 0, 0, 0]",0
130,246,371835,L,"[0, 0, 0, 0, 0, 0, 0, 0]",0
129,246,371851,L,"[0, 0, 0, 0, 0, 0, 0, 0]",0
128,246,371868,L,"[0, 0, 0, 0, 0, 0, 0, 0]",0
127,246,371884,L,"[0, 0, 0, 0, 0, 0, 0, 0]",0
127,246,371901,L,"[0, 0, 0, 0, 0, 0, 0, 0]",0
126,246,371918,L,"[0, 0, 0, 0, 0, 0, 0, 0]",0
125,246,371934,L,"[0, 0, 0, 0, 0, 0, 0, 0]",0
124,246,371951,L,"[0, 0, 0, 0, 0, 0, 0, 0]",0
123,246,371968,L,"[0, 0, 0, 0, 0, 0, 0, 0]",0
122,246,371985,L,"[0, 0, 0, 0, 0, 0, 0, 0]",0
122,246,372001,L,"[0, 0, 0, 0, 0, 0, 0, 0]",0
121,246,372018,L,"[0, 0, 0, 0, 0, 0, 0, 0]",0
120,246,372035,L,"[0, 0, 0, 0, 0, 0, 0, 0]",0
119,246,372051,L,"[0, 0, 0, 0, 0, 0, 0, 0]",0
118,246,372068,L,"[0, 0, 0, 0, 0, 0, 0, 0]",0
117,246,372085,L,"[0, 0, 0, 0, 0, 0, 0, 0]",0
117,246,372101,L,"[0, 0, 0, 0, 0, 0, 0, 0]",0
116,246,372118,L,"[0, 0, 0, 0, 0, 0, 0, 0]",0
115,246,372135,L,"[0, 0, 0, 0, 0, 0, 0, 0]",0
114,246,372151,L,"[0, 0, 0, 0, 0, 0, 0, 0]",0
113,246,372168,L,"[0, 0, 0, 0, 0, 0, 0, 0]",0
112,246,372184,L,"[0, 0, 0, 0, 0, 0, 0, 0]",0
112,246,372201,L,"[0, 0, 0, 0, 0, 0, 0, 0]",0
111,246,372218,L,"[0, 0, 0, 0, 0, 0, 0, 0]",0
110,246,372235,L,"[0, 0, 0, 0, 0, 0, 0, 0]",0
109,246,372251,L,"[0, 0, 0, 0, 0, 0, 0, 0]",0
108,246,372268,L,"[0, 0, 0, 0, 0, 0, 0, 0]",0
107,246,372284,DL,"[0, 0, 0, 0, 0, 0, 0, 0]",0
107,246,372301,DL,"[0, 0, 0, 0, 0, 0, 0, 0]",0
107,247,372318,DL,"[0, 0, 0, 0, 0, 0, 0, 0]",0
107,248,372334,DL,"[0, 0, 0, 0, 0, 0, 0, 0]",0
107,249,372351,DL,"[0, 0, 0, 0, 0, 0, 0, 0]",0
107,250,372368,D,"[0, 0, 0, 0, 0, 0, 0, 0]",0
107,250,372385,D,"[0, 0, 0, 0, 0, 0, 0, 0]",0
107,251,372401,D,"[0, 0, 0, 0, 0, 0, 0, 0]",0
107,252,372418,D,"[0, 0, 0, 0, 0, 0, 0, 0]",0
107,253,372434,D,"[0, 0, 0, 0, 0, 0, 0, 0]",0
107,254,372451,D,"[0, 0, 0, 0, 0, 0, 0, 0]",0
107,255,372468,D,"[0, 0, 0, 0, 0, 0, 0, 0]",0
107,255,372484,D,"[0, 0, 0, 0, 0, 0, 0, 0]",0
107,256,372518,D,"[0, 0, 0, 0, 0, 0, 0, 0]",0
107,257,372534,D,"[0, 0, 0, 0, 0, 0, 0, 0]",0
107,258,372551,D,"[0, 0, 0, 0, 0, 0, 0, 0]",0
107,259,372568,D,"[0, 0, 0, 0, 0, 0, 0, 0]",0
107,260,372584,D,"[0, 0, 0, 0, 0, 0, 0, 0]",0
107,260,372601,D,"[0, 0, 0, 0, 0, 0, 0, 0]",0
107,261,372618,D,"[0, 0, 0, 0, 0, 0, 0, 0]",0
107,262,372634,D,"[0, 0, 0, 0, 0, 0, 0, 0]",0
107,263,372651,D,"[0, 0, 0, 0, 0, 0, 0, 0]",0
107,264,372668,D,"[0, 0, 0, 0, 0, 0, 0, 0]",0
107,265,372684,D,"[0, 0, 0, 0, 0, 0, 0, 0]",0
107,265,372701,D,"[0, 0, 0, 0, 0, 0, 0, 0]",0
107,266,372718,D,"[0, 0, 0, 0, 0, 0, 0, 0]",0
107,267,372734,D,"[0, 0, 0, 0, 0, 0, 0, 0]",0
107,268,372751,D,"[0, 0, 0, 0, 0, 0, 0, 0]",0
107,269,372768,D,"[0, 0, 0, 0, 0, 0, 0, 0]",0
107,270,372784,D,"[0, 0, 0, 0, 0, 0, 0, 0]",0
107,270,372801,D,"[0, 0, 0, 0, 0, 0, 0, 0]",0
107,271,372818,D,"[0, 0, 0, 0, 0, 0, 0, 0]",0
107,272,372834,D,"[0, 0, 0, 0, 0, 0, 0, 0]",0
107,273,372851,D,"[0, 0, 0, 0, 0, 0, 0, 0]",0
107,274,372868,D,"[0, 0, 0, 0, 0, 0, 0, 0]",0
107,275,372885,D,"[0, 0, 0, 0, 0, 0, 0, 0]",0
107,275,372901,D,"[0, 0, 0, 0, 0, 0, 0, 0]",0
107,276,372918,D,"[0, 0, 0, 0, 0, 0, 0, 0]",0
107,277,372934,D,"[0, 0, 0, 0, 0, 0, 0, 0]",0
107,278,372951,D,"[0, 0, 0, 0, 0, 0, 0, 0]",0
107,279,372968,D,"[0, 0, 0, 0, 0, 0, 0, 0]",0
107,280,372984,D,"[0, 0, 0, 0, 0, 0, 0, 0]",0
107,280,373001,D,"[0, 0, 0, 0, 0, 0, 0, 0]",0
107,281,373018,D,"[0, 0, 0, 0, 0, 0, 0, 0]",0
107,282,373034,D,"[0, 0, 0, 0, 0, 0, 0, 0]",0
107,283,373051,D,"[0, 0, 0, 0, 0, 0, 0, 0]",0
107,284,373068,D,"[0, 0, 0, 0, 0, 0, 0, 0]",0
107,285,373084,D,"[0, 0, 0, 0, 0, 0, 0, 0]",0
107,285,373101,D,"[0, 0, 0, 0, 0, 0, 0, 0]",0
107,286,373118,D,"[0, 0, 0, 0, 0, 0, 0, 0]",0
107,287,373134,D,"[0, 0, 0, 0, 0, 0, 0, 0]",0
107,288,373151,D,"[0, 0, 0, 0, 0, 0, 0, 0]",0
107,289,373168,D,"[0, 0, 0, 0, 0, 0, 0, 0]",0
107,289,373184,D,"[0, 0, 0, 0, 0, 0, 0, 0]",0
107,290,373201,D,"[0, 0, 0, 0, 0, 0, 0, 0]",0
107,291,373218,D,"[0, 0, 0, 0, 0, 0, 0, 0]",0
107,292,373234,D,"[0, 0, 0, 0, 0, 0, 0, 0]",0
107,293,373251,D,"[0, 0, 0, 0, 0, 0, 0, 0]",0
107,294,373268,D,"[0, 0, 0, 0, 0, 0, 0, 0]",0
107,294,373284,D,"[0, 0, 0, 0, 0, 0, 0, 0]",0
107,295,373301,D,"[0, 0, 0, 0, 0, 0, 0, 0]",0
107,296,373318,D,"[0, 0, 0, 0, 0, 0, 0, 0]",0
107,297,373334,,"[0, 0, 0, 0, 0, 0, 0, 0]",0
107,298,373351,,"[0, 0, 0, 0, 0, 0, 0, 0]",0
107,298,373368,,"[0, 0, 0, 0, 0, 0, 0, 0]",0
107,298,373401,L,"[0, 0, 0, 0, 0, 0, 0, 0]",0
107,298,373418,L,"[0, 0, 0, 0, 0, 0, 0, 0]",0
106,298,373434,L,"[0, 0, 0, 0, 0, 0, 0, 0]",0
105,298,373451,L,"[0, 0, 0, 0, 0, 0, 0, 0]",0
104,298,373468,L,"[0, 0, 0, 0, 0, 0, 0, 0]",0
103,298,373484,L,"[0, 0, 0, 0, 0, 0, 0, 0]",0
102,298,373501,L,"[0, 0, 0, 0, 0, 0, 0, 0]",0
102,298,373518,L,"[0, 0, 0, 0, 0, 0, 0, 0]",0
101,298,373534,L,"[0, 0, 0, 0, 0, 0, 0, 0]",0
100,298,373551,L,"[0, 0, 0, 0, 0, 0, 0, 0]",0
99,298,373568,L,"[0, 0, 0, 0, 0, 0, 0, 0]",0
98,298,373584,L,"[0, 0, 0, 0, 0, 0, 0, 0]",0
97,298,373601,L,"[0, 0, 0, 0, 0, 0, 0, 0]",0
97,298,373618,L,"[0, 0, 0, 0, 0, 0, 0, 0]",0
96,298,373634,L,"[0, 0, 0, 0, 0, 0, 0, 0]",0
95,298,373651,L,"[0, 0, 0, 0, 0, 0, 0, 0]",0
94,298,373668,L,"[0, 0, 0, 0, 0, 0, 0, 0]",0
93,298,373684,L,"[0, 0, 0, 0, 0, 0, 0, 0]",0
92,298,373701,L,"[0, 0, 0, 0, 0, 0, 0, 0]",0
92,298,373718,L,"[0, 0, 0, 0, 0, 0, 0, 0]",0
91,298,373734,L,"[0, 0, 0, 0, 0, 0, 0, 0]",0
90,298,373751,L,"[0, 0, 0, 0, 0, 0, 0, 0]",0
89,298,373768,L,"[0, 0, 0, 0, 0, 0, 0, 0]",0
88,298,373784,L,"[0, 0, 0, 0, 0, 0, 0, 0]",0
87,298,373801,L,"[0, 0, 0, 0, 0, 0, 0, 0]",0
87,298,373818,L,"[0, 0, 0, 0, 0, 0, 0, 0]",0
86,298,373834,L,"[0, 0, 0, 0, 0, 0, 0, 0]",0
85,298,373851,L,"[0, 0, 0, 0, 0, 0, 0, 0]",0
84,298,373868,L,"[0, 0, 0, 0, 0, 0, 0, 0]",0
83,298,373884,L,"[0, 0, 0, 0, 0, 0, 0, 0]",0
82,298,373901,L,"[0, 0, 0, 0, 0, 0, 0, 0]",0
82,298,373918,L,"[0, 0, 0, 0, 0, 0, 0, 0]",0
81,298,373934,L,"[0, 0, 0, 0, 0, 0, 0, 0]",0
80,298,373951,L,"[0, 0, 0, 0, 0, 0, 0, 0]",0
79,298,373968,L,"[0, 0, 0, 0, 0, 0, 0, 0]",0
78,298,373984,L,"[0, 0, 0, 0, 0, 0, 0, 0]",0
77,298,374001,L,"[0, 0, 0, 0, 0, 0, 0, 0]",0
77,298,374018,L,"[0, 0, 0, 0, 0, 0, 0, 0]",0
76,298,374034,L,"[0, 0, 0, 0, 0, 0, 0, 0]",0
75,298,374051,L,"[0, 0, 0, 0, 0, 0, 0, 0]",0
74,298,374068,L,"[0, 0, 0, 0, 0, 0, 0, 0]",0
73,298,374085,L,"[0, 0, 0, 0, 0, 0, 0, 0]",0
72,298,374118,L,"[0, 0, 0, 0, 0, 0, 0, 0]",0
72,298,374135,L,"[0, 0, 0, 0, 0, 0, 0, 0]",0
71,298,374151,L,"[0, 0, 0, 0, 0, 0, 0, 0]",0
70,298,374168,L,"[0, 0, 0, 0, 0, 0, 0, 0]",0
69,298,374184,L,"[0, 0, 0, 0, 0, 0, 0, 0]",0
68,298,374201,L,"[0, 0, 0, 0, 0, 0, 0, 0]",0
67,298,374218,L,"[0, 0, 0, 0, 0, 0, 0, 0]",0
67,298,374234,L,"[0, 0, 0, 0, 0, 0, 0, 0]",0
66,298,374251,L,"[0, 0, 0, 0, 0, 0, 0, 0]",0
65,298,374268,L,"[0, 0, 0, 0, 0, 0, 0, 0]",0
64,298,374284,L,"[0, 0, 0, 0, 0, 0, 0, 0]",0
63,298,374301,L,"[0, 0, 0, 0, 0, 0, 0, 0]",0
62,298,374318,L,"[0, 0, 0, 0, 0, 0, 0, 0]",0
62,298,374334,L,"[0, 0, 0, 0, 0, 0, 0, 0]",0
61,298,374351,L,"[0, 0, 0, 0, 0, 0, 0, 0]",0
60,298,374368,L,"[0, 0, 0, 0, 0, 0, 0, 0]",0
59,298,374384,L,"[0, 0, 0, 0, 0, 0, 0, 0]",0
58,298,374401,L,"[0, 0, 0, 0, 0, 0, 0, 0]",0
57,298,374418,L,"[0, 0, 0, 0, 0, 0, 0, 0]",0
57,298,374434,L,"[0, 0, 0, 0, 0, 0, 0, 0]",0
56,298,374451,L,"[0, 0, 0, 0, 0, 0, 0, 0]",0
55,298,374468,L,"[0, 0, 0, 0, 0, 0, 0, 0]",0
54,298,374484,L,"[0, 0, 0, 0, 0, 0, 0, 0]",0
53,298,374501,L,"[0, 0, 0, 0, 0, 1, 0, 0]",1
52,298,374518,L,"[0, 0, 0, 0, 0, 1, 0, 0]",1
52,298,374534,L,"[0, 0, 0, 0, 0, 1, 0, 0]",1
51,298,374551,L,"[0, 0, 0, 0, 0, 1, 0, 0]",1
50,298,374568,L,"[0, 0, 0, 0, 0, 1, 0, 0]",1
49,298,374584,L,"[0, 0, 0, 0, 0, 1, 0, 0]",1
48,298,374601,L,"[0, 0, 0, 0, 0, 1, 0, 0]",1
47,298,374618,L,"[0, 0, 0, 0, 0, 1, 0, 0]",1
47,298,374634,L,"[0, 0, 0, 0, 0, 1, 0, 0]",1
46,298,374651,L,"[0, 0, 0, 0, 0, 1, 0, 0]",1
45,298,374668,L,"[0, 0, 0, 0, 0, 1, 0, 0]",1
44,298,374684,L,"[0, 0, 0, 0, 0, 1, 0, 0]",1
43,298,374701,L,"[0, 0, 0, 0, 0, 1, 0, 0]",1
42,298,374718,L,"[0, 0, 0, 0, 0, 1, 0, 0]",1
42,298,374734,L,"[0, 0, 0, 0, 0, 1, 0, 0]",1
41,298,374751,,"[0, 0, 0, 0, 0, 1, 0, 0]",1
40,298,374768,,"[0, 0, 0, 0, 0, 1, 0, 0]",1
40,298,374784,,"[0, 0, 0, 0, 0, 1, 0, 0]",1
40,298,374801,,"[0, 0, 0, 0, 0, 1, 0, 0]",1
40,298,374818,,"[0, 0, 0, 0, 0, 1, 0, 0]",1
40,298,374834,,"[0, 0, 0, 0, 0, 1, 0, 0]",1
40,298,374851,,"[0, 0, 0, 0, 0, 1, 0, 0]",1
40,298,374868,,"[0, 0, 0, 0, 0, 1, 0, 0]",1
40,298,374884,,"[0, 0, 0, 0, 0, 1, 0, 0]",1
40,298,374901,,"[0, 0, 0, 0, 0, 1, 0, 0]",1
40,298,374918,,"[0, 0, 0, 0, 0, 1, 0, 0]",1
40,298,374934,,"[0, 0, 0, 0, 0, 1, 0, 0]",1
40,298,374951,,"[0, 0, 0, 0, 0, 1, 0, 0]",1
40,298,374968,,"[0, 0, 0, 0, 0, 1, 0, 0]",1
40,298,374984,,"[0, 0, 0, 0, 0, 1, 0, 0]",1
40,298,375001,,"[0, 0, 0, 0, 0, 1, 0, 0]",1
40,298,375018,,"[0, 0, 0, 0, 0, 1, 0, 0]",1
40,298,375034,,"[0, 0, 0, 0, 0, 1, 0, 0]",1
40,298,375051,,"[0, 0, 0, 0, 0, 1, 0, 0]",1
40,298,375068,,"[0, 0, 0, 0, 0, 1, 0, 0]",1
40,298,375084,,"[0, 0, 0, 0, 0, 1, 0, 0]",1
40,298,375101,,"[0, 0, 0, 0, 0, 1, 0, 0]",1
40,298,375118,U,"[0, 0, 0, 0, 0, 1, 0, 0]",1
40,298,375134,U,"[0, 0, 0, 0, 0, 1, 0, 0]",1
40,297,375151,U,"[0, 0, 0, 0, 0, 1, 0, 0]",1
40,296,375168,U,"[0, 0, 0, 0, 0, 1, 0, 0]",1
40,296,375184,U,"[0, 0, 0, 0, 0, 1, 0, 0]",1
40,296,375201,,"[0, 0, 0, 0, 0, 1, 0, 0]",1
40,296,375218,,"[0, 0, 0, 0, 0, 1, 0, 0]",1
40,296,375234,,"[0, 0, 0, 0, 0, 1, 0, 0]",1
40,296,375251,,"[0, 0, 0, 0, 0, 1, 0, 0]",1
40,296,375268,,"[0, 0, 0, 0, 0, 1, 0, 0]",1
40,296,375284,,"[0, 0, 0, 0, 0, 1, 0, 0]",1
40,296,375301,,"[0, 0, 0, 0, 0, 1, 0, 0]",1
40,296,375318,,"[0, 0, 0, 0, 0, 1, 0, 0]",1
40,296,375334,,"[0, 0, 0, 0, 0, 1, 0, 0]",1
40,296,375351,,"[0, 0, 0, 0, 0, 1, 0, 0]",1
40,296,375368,,"[0, 0, 0, 0, 0, 1, 0, 0]",1
40,296,375384,,"[0, 0, 0, 0, 0, 1, 0, 0]",1
40,296,375401,,"[0, 0, 0, 0, 0, 1, 0, 0]",1
40,296,375418,,"[0, 0, 0, 0, 0, 1, 0, 0]",1
40,296,375434,,"[0, 0, 0, 0, 0, 1, 0, 0]",1
40,296,375451,,"[0, 0, 0, 0, 0, 1, 0, 0]",1
40,296,375468,,"[0, 0, 0, 0, 0, 1, 0, 0]",1
40,296,375484,,"[0, 0, 0, 0, 0, 1, 0, 0]",1
40,296,375501,,"[0, 0, 0, 0, 0, 1, 0, 0]",1
40,296,375518,,"[0, 0, 0, 0, 0, 1, 0, 0]",1
40,296,375534,,"[0, 0, 0, 0, 0, 1, 0, 0]",1
40,296,375551,,"[0, 0, 0, 0, 0, 1, 0, 0]",1
40,296,375568,,"[0, 0, 0, 0, 0, 1, 0, 0]",1
40,296,375584,,"[0, 0, 0, 0, 0, 1, 0, 0]",1
40,296,375601,,"[0, 0, 0, 0, 0, 1, 0, 0]",1
40,296,375618,,"[0, 0, 0, 0, 0, 1, 0, 0]",1
40,296,375634,,"[0, 0, 0, 0, 0, 1, 0, 0]",1
40,296,375651,,"[0, 0, 0, 0, 0, 1, 0, 0]",1
40,296,375668,,"[0, 0, 0, 0, 0, 1, 0, 0]",1
40,296,375684,,"[0, 0, 0, 0, 0, 1, 0, 0]",1
40,296,375701,,"[0, 0, 0, 0, 0, 1, 0, 0]",1
40,296,375718,,"[0, 0, 0, 0, 0, 1, 0, 0]",1
40,296,375734,,"[0, 0, 0, 0, 0, 1, 0, 0]",1
40,296,375751,,"[0, 0, 0, 0, 0, 1, 0, 0]",1
40,296,375768,,"[0, 0, 0, 0, 0, 1, 0, 0]",1
40,296,375784,,"[0, 0, 0, 0, 0, 1, 0, 0]",1
40,296,375801,,"[0, 0, 0, 0, 0, 1, 0, 0]",1
40,296,375818,,"[0, 0, 0, 0, 0, 1, 0, 0]",1
40,296,375834,,"[0, 0, 0, 0, 0, 1, 0, 0]",1
40,296,375851,,"[0, 0, 0, 0, 0, 1, 0, 0]",1
40,296,375868,,"[0, 0, 0, 0, 0, 1, 0, 0]",1
40,296,375884,,"[0, 0, 0, 0, 0, 1, 0, 0]",1
40,296,375901,,"[0, 0, 0, 0, 0, 1, 0, 0]",1
40,296,375918,,"[0, 0, 0, 0, 0, 1, 0, 0]",1
40,296,375934,,"[0, 0, 0, 0, 0, 1, 0, 0]",1
40,296,375951,,"[0, 0, 0, 0, 0, 1, 0, 0]",1
40,296,375968,,"[0, 0, 0, 0, 0, 1, 0, 0]",1
40,296,375984,,"[0, 0, 0, 0, 0, 1, 0, 0]",1
40,296,376001,,"[0, 0, 0, 0, 0, 1, 0, 0]",1
40,296,376018,,"[0, 0, 0, 0, 0, 1, 0, 0]",1
40,296,376034,,"[0, 0, 0, 0, 0, 1, 0, 0]",1
40,296,376051,,"[0, 0, 0, 0, 0, 1, 0, 0]",1
40,296,376068,,"[0, 0, 0, 0, 0, 1, 0, 0]",1
40,296,376084,,"[0, 0, 0, 0, 0, 1, 0, 0]",1
40,296,376101,,"[0, 0, 0, 0, 0, 1, 0, 0]",1
40,296,376118,,"[0, 0, 0, 0, 0, 1, 0, 0]",1
40,296,376134,,"[0, 0, 0, 0, 0, 1, 0, 0]",1
40,296,376151,,"[0, 0, 0, 0, 0, 1, 0, 0]",1
40,296,376168,,"[0, 0, 0, 0, 0, 1, 0, 0]",1
40,296,376184,,"[0, 0, 0, 0, 0, 1, 0, 0]",1
40,296,376201,,"[0, 0, 0, 0, 0, 1, 0, 0]",1
40,296,376218,,"[0, 0, 0, 0, 0, 1, 0, 0]",1
40,296,376234,,"[0, 0, 0, 0, 0, 1, 0, 0]",1
40,296,376251,,"[0, 0, 0, 0, 0, 1, 0, 0]",1
40,296,376268,,"[0, 0, 0, 0, 0, 1, 0, 0]",1
40,296,376284,,"[0, 0, 0, 0, 0, 1, 0, 0]",1
40,296,376301,,"[0, 0, 0, 0, 0, 1, 0, 0]",1
40,296,376318,,"[0, 0, 0, 0, 0, 1, 0, 0]",1
40,296,376334,,"[0, 0, 0, 0, 0, 1, 0, 0]",1
40,296,376351,,"[0, 0, 0, 0, 0, 1, 0, 0]",1
40,296,376368,,"[0, 0, 0, 0, 0, 1, 0, 0]",1
40,296,376384,,"[0, 0, 0, 0, 0, 1, 0, 0]",1
40,296,376401,,"[0, 0, 0, 0, 0, 1, 0, 0]",1
40,296,376418,,"[0, 0, 0, 0, 0, 1, 0, 0]",1
40,296,376434,,"[0, 0, 0, 0, 0, 1, 0, 0]",1
40,296,376451,,"[0, 0, 0, 0, 0, 1, 0, 0]",1
40,296,376468,,"[0, 0, 0, 0, 0, 1, 0, 0]",1
40,296,376484,,"[0, 0, 0, 0, 0, 1, 0, 0]",1
40,296,376501,,"[0, 0, 0, 0, 0, 1, 0, 0]",1
40,296,376518,,"[0, 0, 0, 0, 0, 1, 0, 0]",1
40,296,376534,,"[0, 0, 0, 0, 0, 1, 0, 0]",1
40,296,376551,,"[0, 0, 0, 0, 0, 1, 0, 0]",1
40,296,376568,,"[0, 0, 0, 0, 0, 1, 0, 0]",1
40,296,376584,,"[0, 0, 0, 0, 0, 1, 0, 0]",1
40,296,376601,,"[0, 0, 0, 0, 0, 1, 0, 0]",1
40,296,376618,,"[0, 0, 0, 0, 0, 1, 0, 0]",1
40,296,376634,,"[0, 0, 0, 0, 0, 1, 0, 0]",1
40,296,376651,,"[0, 0, 0, 0, 0, 1, 0, 0]",1
40,296,376668,,"[0, 0, 0, 0, 0, 1, 0, 0]",1
40,296,376684,,"[0, 0, 0, 0, 0, 1, 0, 0]",1
40,296,376701,,"[0, 0, 0, 0, 0, 1, 0, 0]",1
40,296,376718,,"[0, 0, 0, 0, 0, 1, 0, 0]",1
40,296,376734,,"[0, 0, 0, 0, 0, 1, 0, 0]",1
40,296,376751,,"[0, 0, 0, 0, 0, 1, 0, 0]",1
40,296,376768,,"[0, 0, 0, 0, 0, 1, 0, 0]",1
40,296,376784,,"[0, 0, 0, 0, 0, 1, 0, 0]",1
40,296,376801,,"[0, 0, 0, 0, 0, 1, 0, 0]",1
40,296,376818,,"[0, 0, 0, 0, 0, 1, 0, 0]",1
40,296,376834,,"[0, 0, 0, 0, 0, 1, 0, 0]",1
40,296,376851,,"[0, 0, 0, 0, 0, 1, 0, 0]",1
40,296,376868,,"[0, 0, 0, 0, 0, 1, 0, 0]",1
40,296,376884,,"[0, 0, 0, 0, 0, 1, 0, 0]",1
40,296,376901,,"[0, 0, 0, 0, 0, 1, 0, 0]",1
40,296,376918,,"[0, 0, 0, 0, 0, 1, 0, 0]",1
40,296,376934,,"[0, 0, 0, 0, 0, 1, 0, 0]",1
40,296,376951,,"[0, 0, 0, 0, 0, 1, 0, 0]",1
40,296,376968,,"[0, 0, 0, 0, 0, 1, 0, 0]",1
40,296,376984,,"[0, 0, 0, 0, 0, 1, 0, 0]",1
40,296,377001,,"[0, 0, 0, 0, 0, 1, 0, 0]",1
40,296,377018,,"[0, 0, 0, 0, 0, 1, 0, 0]",1
40,296,377034,,"[0, 0, 0, 0, 0, 1, 0, 0]",1
40,296,377051,,"[0, 0, 0, 0, 0, 1, 0, 0]",1
40,296,377068,,"[0, 0, 0, 0, 0, 1, 0, 0]",1
40,296,377084,,"[0, 0, 0, 0, 0, 1, 0, 0]",1
40,296,377101,,"[0, 0, 0, 0, 0, 1, 0, 0]",1
40,296,377118,,"[0, 0, 0, 0, 0, 1, 0, 0]",1
40,296,377134,,"[0, 0, 0, 0, 0, 1, 0, 0]",1
40,296,377151,,"[0, 0, 0, 0, 0, 1, 0, 0]",1
40,296,377168,,"[0, 0, 0, 0, 0, 1, 0, 0]",1
40,296,377184,,"[0, 0, 0, 0, 0, 1, 0, 0]",1
40,296,377201,,"[0, 0, 0, 0, 0, 1, 0, 0]",1
40,296,377218,,"[0, 0, 0, 0, 0, 1, 0, 0]",1
40,296,377234,,"[0, 0, 0, 0, 0, 1, 0, 0]",1
40,296,377251,,"[0, 0, 0, 0, 0, 1, 0, 0]",1
40,296,377268,,"[0, 0, 0, 0, 0, 1, 0, 0]",1
40,296,377284,,"[0, 0, 0, 0, 0, 1, 0, 0]",1
40,296,377301,,"[0, 0, 0, 0, 0, 1, 0, 0]",1
40,296,377318,,"[0, 0, 0, 0, 0, 1, 0, 0]",1
40,296,377334,,"[0, 0, 0, 0, 0, 1, 0, 0]",1
40,296,377351,,"[0, 0, 0, 0, 0, 1, 0, 0]",1
40,296,377368,,"[0, 0, 0, 0, 0, 1, 0, 0]",1
40,296,377384,,"[0, 0, 0, 0, 0, 1, 0, 0]",1
40,296,377401,,"[0, 0, 0, 0, 0, 1, 0, 0]",1
40,296,377418,,"[0, 0, 0, 0, 0, 1, 0, 0]",1
40,296,377434,,"[0, 0, 0, 0, 0, 1, 0, 0]",1
40,296,377451,,"[0, 0, 0, 0, 0, 1, 0, 0]",1
40,296,377468,,"[0, 0, 0, 0, 0, 1, 0, 0]",1
40,296,377484,,"[0, 0, 0, 0, 0, 1, 0, 0]",1
40,296,377501,,"[0, 0, 0, 0, 0, 1, 0, 0]",1
40,296,377518,,"[0, 0, 0, 0, 0, 1, 0, 0]",1
40,296,377534,,"[0, 0, 0, 0, 0, 1, 0, 0]",1
40,296,377551,D,"[0, 0, 0, 0, 0, 1, 0, 0]",1
40,296,377568,D,"[0, 0, 0, 0, 0, 1, 0, 0]",1
40,297,377584,D,"[0, 0, 0, 0, 0, 1, 0, 0]",1
40,298,377601,D,"[0, 0, 0, 0, 0, 1, 0, 0]",1
40,298,377618,D,"[0, 0, 0, 0, 0, 1, 0, 0]",1
40,299,377634,D,"[0, 0, 0, 0, 0, 1, 0, 0]",1
40,300,377651,D,"[0, 0, 0, 0, 0, 1, 0, 0]",1
40,301,377668,D,"[0, 0, 0, 0, 0, 1, 0, 0]",1
40,302,377684,D,"[0, 0, 0, 0, 0, 1, 0, 0]",1
40,303,377701,D,"[0, 0, 0, 0, 0, 1, 0, 0]",1
40,303,377718,D,"[0, 0, 0, 0, 0, 1, 0, 0]",1
40,304,377734,D,"[0, 0, 0, 0, 0, 1, 0, 0]",1
40,305,377751,D,"[0, 0, 0, 0, 0, 1, 0, 0]",1
40,306,377768,D,"[0, 0, 0, 0, 0, 1, 0, 0]",1
40,307,377784,D,"[0, 0, 0, 0, 0, 1, 0, 0]",1
40,308,377801,D,"[0, 0, 0, 0, 0, 1, 0, 0]",1
40,308,377818,D,"[0, 0, 0, 0, 0, 1, 0, 0]",1
40,309,377834,D,"[0, 0, 0, 0, 0, 1, 0, 0]",1
40,310,377851,D,"[0, 0, 0, 0, 0, 1, 0, 0]",1
40,311,377868,D,"[0, 0, 0, 0, 0, 1, 0, 0]",1
40,312,377884,D,"[0, 0, 0, 0, 0, 1, 0, 0]",1
40,313,377901,D,"[0, 0, 0, 0, 0, 1, 0, 0]",1
40,313,377918,D,"[0, 0, 0, 0, 0, 1, 0, 0]",1
40,314,377934,D,"[0, 0, 0, 0, 0, 1, 0, 0]",1
40,315,377951,D,"[0, 0, 0, 0, 0, 1, 0, 0]",1
40,316,377968,D,"[0, 0, 0, 0, 0, 1, 0, 0]",1
40,317,377984,D,"[0, 0, 0, 0, 0, 1, 0, 0]",1
40,318,378001,D,"[0, 0, 0, 0, 0, 1, 0, 0]",1
40,318,378018,D,"[0, 0, 0, 0, 0, 1, 0, 0]",1
40,319,378034,D,"[0, 0, 0, 0, 0, 1, 0, 0]",1
40,320,378051,D,"[0, 0, 0, 0, 0, 1, 0, 0]",1
40,321,378068,D,"[0, 0, 0, 0, 0, 1, 0, 0]",1
40,322,378084,D,"[0, 0, 0, 0, 0, 1, 0, 0]",1
40,323,378101,D,"[0, 0, 0, 0, 0, 1, 0, 0]",1
40,323,378118,D,"[0, 0, 0, 0, 0, 1, 0, 0]",1
40,324,378134,D,"[0, 0, 0, 0, 0, 1, 0, 0]",1
40,325,378151,D,"[0, 0, 0, 0, 0, 1, 0, 0]",1
40,326,378168,D,"[0, 0, 0, 0, 0, 1, 0, 0]",1
40,327,378184,D,"[0, 0, 0, 0, 0, 1, 0, 0]",1
40,328,378201,D,"[0, 0, 0, 0, 0, 1, 0, 0]",1
40,328,378218,D,"[0, 0, 0, 0, 0, 1, 0, 0]",1
40,329,378234,D,"[0, 0, 0, 0, 0, 1, 0, 0]",1
40,330,378251,D,"[0, 0, 0, 0, 0, 1, 0, 0]",1
40,331,378268,D,"[0, 0, 0, 0, 0, 1, 0, 0]",1
40,332,378284,D,"[0, 0, 0, 0, 0, 1, 0, 0]",1
40,333,378301,D,"[0, 0, 0, 0, 0, 1, 0, 0]",1
40,333,378334,D,"[0, 0, 0, 0, 0, 1, 0, 0]",1
40,334,378351,D,"[0, 0, 0, 0, 0, 1, 0, 0]",1
40,335,378368,D,"[0, 0, 0, 0, 0, 1, 0, 0]",1
40,336,378384,D,"[0, 0, 0, 0, 0, 1, 0, 0]",1
40,337,378401,D,"[0, 0, 0, 0, 0, 1, 0, 0]",1
40,338,378418,D,"[0, 0, 0, 0, 0, 1, 0, 0]",1
40,338,378434,D,"[0, 0, 0, 0, 0, 1, 0, 0]",1
40,339,378451,D,"[0, 0, 0, 0, 0, 1, 0, 0]",1
40,340,378468,D,"[0, 0, 0, 0, 0, 1, 0, 0]",1
40,341,378484,D,"[0, 0, 0, 0, 0, 1, 0, 0]",1
40,342,378501,D,"[0, 0, 0, 0, 0, 1, 0, 0]",1
40,343,378518,D,"[0, 0, 0, 0, 0, 1, 0, 0]",1
40,343,378534,D,"[0, 0, 0, 0, 0, 1, 0, 0]",1
40,344,378551,D,"[0, 0, 0, 0, 0, 1, 0, 0]",1
40,345,378568,D,"[0, 0, 0, 0, 0, 1, 0, 0]",1
40,346,378584,D,"[0, 0, 0, 0, 0, 1, 0, 0]",1
40,347,378601,D,"[0, 0, 0, 0, 0, 1, 0, 0]",1
40,348,378618,D,"[0, 0, 0, 0, 0, 1, 0, 0]",1
40,348,378634,D,"[0, 0, 0, 0, 0, 1, 0, 0]",1
40,349,378651,D,"[0, 0, 0, 0, 0, 1, 0, 0]",1
40,350,378668,D,"[0, 0, 0, 0, 0, 1, 0, 0]",1
40,351,378684,D,"[0, 0, 0, 0, 0, 1, 0, 0]",1
40,352,378701,D,"[0, 0, 0, 0, 0, 1, 0, 0]",1
40,353,378718,D,"[0, 0, 0, 0, 0, 1, 0, 0]",1
40,353,378734,D,"[0, 0, 0, 0, 0, 1, 0, 0]",1
40,354,378751,D,"[0, 0, 0, 0, 0, 1, 0, 0]",1
40,355,378768,D,"[0, 0, 0, 0, 0, 1, 0, 0]",1
40,356,378784,D,"[0, 0, 0, 0, 0, 1, 0, 0]",1
40,357,378801,D,"[0, 0, 0, 0, 0, 1, 0, 0]",1
40,358,378818,D,"[0, 0, 0, 0, 0, 1, 0, 0]",1
40,358,378834,D,"[0, 0, 0, 0, 0, 1, 0, 0]",1
40,359,378851,D,"[0, 0, 0, 0, 0, 1, 0, 0]",1
40,360,378868,D,"[0, 0, 0, 0, 0, 1, 0, 0]",1
40,361,378884,D,"[0, 0, 0, 0, 0, 1, 0, 0]",1
40,362,378901,D,"[0, 0, 0, 0, 0, 1, 0, 0]",1
40,363,378918,D,"[0, 0, 0, 0, 0, 1, 0, 0]",1
40,363,378934,D,"[0, 0, 0, 0, 0, 1, 0, 0]",1
40,364,378951,D,"[0, 0, 0, 0, 0, 1, 0, 0]",1
40,365,378968,D,"[0, 0, 0, 0, 0, 1, 0, 0]",1
40,366,378984,D,"[0, 0, 0, 0, 0, 1, 0, 0]",1
40,367,379001,D,"[0, 0, 0, 0, 0, 1, 0, 0]",1
40,368,379018,D,"[0, 0, 0, 0, 0, 1, 0, 0]",1
40,368,379034,D,"[0, 0, 0, 0, 0, 1, 0, 0]",1
40,369,379051,D,"[0, 0, 0, 0, 0, 1, 0, 0]",1
40,370,379068,D,"[0, 0, 0, 0, 0, 1, 0, 0]",1
40,371,379084,D,"[0, 0, 0, 0, 0, 1, 0, 0]",1
40,372,379101,D,"[0, 0, 0, 0, 0, 1, 0, 0]",1
40,373,379118,D,"[0, 0, 0, 0, 0, 1, 0, 0]",1
40,373,379134,D,"[0, 0, 0, 0, 0, 1, 0, 0]",1
40,374,379151,D,"[0, 0, 0, 0, 0, 1, 0, 0]",1
40,375,379168,D,"[0, 0, 0, 0, 0, 1, 0, 0]",1
40,376,379184,D,"[0, 0, 0, 0, 0, 1, 0, 0]",1
40,377,379201,D,"[0, 0, 0, 0, 0, 1, 0, 0]",1
40,378,379218,D,"[0, 0, 0, 0, 0, 1, 0, 0]",1
40,378,379234,D,"[0, 0, 0, 0, 0, 1, 0, 0]",1
40,379,379251,D,"[0, 0, 0, 0, 0, 1, 0, 0]",1
40,380,379268,D,"[0, 0, 0, 0, 0, 1, 0, 0]",1
40,381,379284,D,"[0, 0, 0, 0, 0, 1, 0, 0]",1
40,382,379301,D,"[0, 0, 0, 0, 0, 1, 0, 0]",1
40,383,379318,D,"[0, 0, 0, 0, 0, 1, 0, 0]",1
40,383,379334,D,"[0, 0, 0, 0, 0, 1, 0, 0]",1
40,384,379351,D,"[0, 0, 0, 0, 0, 1, 0, 0]",1
40,385,379368,D,"[0, 0, 0, 0, 0, 1, 0, 0]",1
40,386,379384,D,"[0, 0, 0, 0, 0, 1, 0, 0]",1
40,387,379401,D,"[0, 0, 0, 0, 0, 1, 0, 0]",1
40,388,379418,D,"[0, 0, 0, 0, 0, 1, 0, 0]",1
40,388,379434,D,"[0, 0, 0, 0, 0, 1, 0, 0]",1
40,389,379451,D,"[0, 0, 0, 0, 0, 1, 0, 0]",1
40,390,379468,D,"[0, 0, 0, 0, 0, 1, 0, 0]",1
40,391,379484,D,"[0, 0, 0, 0, 0, 1, 0, 0]",1
40,392,379501,D,"[0, 0, 0, 0, 0, 1, 0, 0]",1
40,393,379518,D,"[0, 0, 0, 0, 0, 1, 0, 0]",1
40,393,379534,D,"[0, 0, 0, 0, 0, 1, 0, 0]",1
40,394,379551,D,"[0, 0, 0, 0, 0, 1, 0, 0]",1
40,395,379568,D,"[0, 0, 0, 0, 0, 1, 0, 0]",1
40,396,379584,D,"[0, 0, 0, 0, 0, 1, 0, 0]",1
40,397,379601,D,"[0, 0, 0, 0, 0, 1, 0, 0]",1
40,398,379618,D,"[0, 0, 0, 0, 0, 1, 0, 0]",1
40,398,379634,D,"[0, 0, 0, 0, 0, 1, 0, 0]",1
40,399,379651,D,"[0, 0, 0, 0, 0, 1, 0, 0]",1
40,400,379668,D,"[0, 0, 0, 0, 0, 1, 0, 0]",1
40,401,379684,D,"[0, 0, 0, 0, 0, 1, 0, 0]",1
40,402,379701,D,"[0, 0, 0, 0, 0, 1, 0, 0]",1
40,403,379718,D,"[0, 0, 0, 0, 0, 1, 0, 0]",1
40,403,379734,D,"[0, 0, 0, 0, 0, 1, 0, 0]",1
40,404,379751,D,"[0, 0, 0, 0, 0, 1, 0, 0]",1
40,405,379768,D,"[0, 0, 0, 0, 0, 1, 0, 0]",1
40,406,379784,D,"[0, 0, 0, 0, 0, 1, 0, 0]",1
40,407,379801,D,"[0, 0, 0, 0, 0, 1, 0, 0]",1
40,408,379818,D,"[0, 0, 0, 0, 0, 1, 0, 0]",1
40,408,379834,D,"[0, 0, 0, 0, 0, 1, 0, 0]",1
40,408,379851,D,"[0, 0, 0, 0, 0, 1, 0, 0]",1
40,408,379868,D,"[0, 0, 0, 0, 0, 1, 0, 0]",1
40,408,379884,D,"[0, 0, 0, 0, 0, 1, 0, 0]",1
40,408,379901,D,"[0, 0, 0, 0, 0, 1, 0, 0]",1
40,408,379918,D,"[0, 0, 0, 0, 0, 1, 0, 0]",1
40,408,379934,D,"[0, 0, 0, 0, 0, 1, 0, 0]",1
40,408,379951,D,"[0, 0, 0, 0, 0, 1, 0, 0]",1
40,408,379968,D,"[0, 0, 0, 0, 0, 1, 0, 0]",1
40,408,379984,D,"[0, 0, 0, 0, 0, 1, 0, 0]",1
40,408,380001,D,"[0, 0, 0, 0, 0, 1, 0, 0]",1
40,408,380018,,"[0, 0, 0, 0, 0, 1, 0, 0]",1
40,408,380034,,"[0, 0, 0, 0, 0, 1, 0, 0]",1
40,408,380051,,"[0, 0, 0, 0, 0, 1, 0, 0]",1
40,408,380068,,"[0, 0, 0, 0, 0, 1, 0, 0]",1
40,408,380084,,"[0, 0, 0, 0, 0, 1, 0, 0]",1
40,408,380101,,"[0, 0, 0, 0, 0, 1, 0, 0]",1
40,408,380118,,"[0, 0, 0, 0, 0, 1, 0, 0]",1
40,408,380134,,"[0, 0, 0, 0, 0, 1, 0, 0]",1
40,408,380151,L,"[0, 0, 0, 0, 0, 1, 0, 0]",1
40,408,380168,L,"[0, 0, 0, 0, 0, 1, 0, 0]",1
39,408,380184,L,"[0, 0, 0, 0, 0, 1, 0, 0]",1
38,408,380201,L,"[0, 0, 0, 0, 0, 1, 0, 0]",1
38,408,380218,L,"[0, 0, 0, 0, 0, 1, 0, 0]",1
37,408,380234,L,"[0, 0, 0, 0, 0, 1, 0, 0]",1
36,408,380251,L,"[0, 0, 0, 0, 0, 1, 0, 0]",1
35,408,380268,L,"[0, 0, 0, 0, 0, 1, 0, 0]",1
34,408,380284,L,"[0, 0, 0, 0, 0, 1, 0, 0]",1
33,408,380301,L,"[0, 0, 0, 0, 0, 1, 0, 0]",1
33,408,380318,L,"[0, 0, 0, 0, 0, 1, 0, 0]",1
32,408,380334,L,"[0, 0, 0, 0, 0, 1, 0, 0]",1
31,408,380351,L,"[0, 0, 0, 0, 0, 1, 0, 0]",1
30,408,380368,L,"[0, 0, 0, 0, 0, 1, 0, 0]",1
29,408,380384,L,"[0, 0, 0, 0, 0, 1, 0, 0]",1
28,408,380401,L,"[0, 0, 0, 0, 0, 1, 0, 0]",1
28,408,380418,L,"[0, 0, 0, 0, 0, 1, 0, 0]",1
27,408,380434,L,"[0, 0, 0, 0, 0, 1, 0, 0]",1
26,408,380451,L,"[0, 0, 0, 0, 0, 1, 0, 0]",1
25,408,380468,L,"[0, 0, 0, 0, 0, 1, 0, 0]",1
24,408,380484,L,"[0, 0, 0, 0, 0, 1, 0, 0]",1
23,408,380501,L,"[0, 0, 0, 0, 0, 1, 0, 0]",1
23,408,380518,L,"[0, 0, 0, 0, 0, 1, 0, 0]",1
22,408,380534,L,"[0, 0, 0, 0, 0, 1, 0, 0]",1
21,408,380551,L,"[0, 0, 0, 0, 0, 1, 0, 0]",1
20,408,380568,L,"[0, 0, 0, 0, 0, 1, 0, 0]",1
19,408,380584,L,"[0, 0, 0, 0, 0, 1, 0, 0]",1
18,408,380601,L,"[0, 0, 0, 0, 0, 1, 0, 0]",1
18,408,380618,L,"[0, 0, 0, 0, 0, 1, 0, 0]",1
17,408,380634,L,"[0, 0, 0, 0, 0, 1, 0, 0]",1
16,408,380651,L,"[0, 0, 0, 0, 0, 1, 0, 0]",1
15,408,380668,L,"[0, 0, 0, 0, 0, 1, 0, 0]",1
14,408,380684,L,"[0, 0, 0, 0, 0, 1, 0, 0]",1
13,408,380701,L,"[0, 0, 0, 0, 0, 1, 0, 0]",1
13,408,380718,L,"[0, 0, 0, 0, 0, 1, 0, 0]",1
12,408,380734,L,"[0, 0, 0, 0, 0, 1, 0, 0]",1
11,408,380751,L,"[0, 0, 0, 0, 0, 1, 0, 0]",1
10,408,380768,L,"[0, 0, 0, 0, 0, 1, 0, 0]",1
9,408,380784,L,"[0, 0, 0, 0, 0, 1, 0, 0]",1
8,408,380801,L,"[0, 0, 0, 0, 0, 1, 0, 0]",1
8,408,380818,L,"[0, 0, 0, 0, 0, 1, 0, 0]",1
8,408,380834,L,"[0, 0, 0, 0, 0, 1, 0, 0]",1
8,408,380851,L,"[0, 0, 0, 0, 0, 1, 0, 0]",1
8,408,380868,L,"[0, 0, 0, 0, 0, 1, 0, 0]",1
8,408,380884,L,"[0, 0, 0, 0, 0, 1, 0, 0]",1
8,408,380901,L,"[0, 0, 0, 0, 0, 1, 0, 0]",1
8,408,380918,L,"[0, 0, 0, 0, 0, 1, 0, 0]",1
8,408,380934,L,"[0, 0, 0, 0, 0, 1, 0, 0]",1
8,408,380951,L,"[0, 0, 0, 0, 0, 1, 0, 0]",1
8,408,380968,L,"[0, 0, 0, 0, 0, 1, 0, 0]",1
8,408,380984,L,"[0, 0, 0, 0, 0, 1, 0, 0]",1
8,408,381001,L,"[0, 0, 0, 0, 0, 1, 0, 0]",1
8,408,381018,L,"[0, 0, 0, 0, 0, 1, 0, 0]",1
8,408,381034,L,"[0, 0, 0, 0, 0, 1, 0, 0]",1
8,408,381051,L,"[0, 0, 0, 0, 0, 1, 0, 0]",1
8,408,381068,L,"[0, 0, 0, 0, 0, 1, 0, 0]",1
8,408,381084,L,"[0, 0, 0, 0, 0, 1, 0, 0]",1
8,408,381101,L,"[0, 0, 0, 0, 0, 1, 0, 0]",1
8,408,381118,L,"[0, 0, 0, 0, 0, 1, 0, 0]",1
8,408,381134,L,"[0, 0, 0, 0, 0, 1, 0, 0]",1
8,408,381151,L,"[0, 0, 0, 0, 0, 1, 0, 0]",1
8,408,381168,L,"[0, 0, 0, 0, 0, 1, 0, 0]",1
8,408,381184,L,"[0, 0, 0, 0, 0, 1, 0, 0]",1
8,408,381201,L,"[0, 0, 0, 0, 0, 1, 0, 0]",1
8,408,381218,L,"[0, 0, 0, 0, 0, 1, 0, 0]",1
8,408,381234,L,"[0, 0, 0, 0, 0, 1, 0, 0]",1
8,408,381251,L,"[0, 0, 0, 0, 0, 1, 0, 0]",1
8,408,381268,L,"[0, 0, 0, 0, 0, 1, 0, 0]",1
8,408,381284,L,"[0, 0, 0, 0, 0, 1, 0, 0]",1
8,408,381301,L,"[0, 0, 0, 0, 0, 1, 0, 0]",1
8,408,381318,L,"[0, 0, 0, 0, 0, 1, 0, 0]",1
8,408,381334,L,"[0, 0, 0, 0, 0, 1, 0, 0]",1
8,408,381351,L,"[0, 0, 0, 0, 0, 1, 0, 0]",1
8,408,381368,L,"[0, 0, 0, 0, 0, 1, 0, 0]",1
8,408,381384,L,"[0, 0, 0, 0, 0, 1, 0, 0]",1
8,408,381401,L,"[0, 0, 0, 0, 0, 1, 0, 0]",1
8,408,381434,L,"[0, 0, 0, 0, 0, 1, 0, 0]",1
8,408,381451,L,"[0, 0, 0, 0, 0, 1, 0, 0]",1
8,408,381468,L,"[0, 0, 0, 0, 0, 1, 0, 0]",1
8,408,381484,L,"[0, 0, 0, 0, 0, 1, 0, 0]",1
8,408,381501,L,"[0, 0, 0, 0, 0, 1, 0, 0]",1
8,408,381518,L,"[0, 0, 0, 0, 0, 1, 0, 0]",1
8,408,381534,L,"[0, 0, 0, 0, 0, 1, 0, 0]",1
8,408,381551,L,"[0, 0, 0, 0, 0, 1, 0, 0]",1
8,408,381568,L,"[0, 0, 0, 0, 0, 1, 0, 0]",1
8,408,381584,L,"[0, 0, 0, 0, 0, 1, 0, 0]",1
8,408,381601,L,"[0, 0, 0, 0, 0, 1, 0, 0]",1
8,408,381618,L,"[0, 0, 0, 0, 0, 1, 0, 0]",1
8,408,381634,L,"[0, 0, 0, 0, 0, 1, 0, 0]",1
8,408,381651,L,"[0, 0, 0, 0, 0, 1, 0, 0]",1
8,408,381668,L,"[0, 0, 0, 0, 0, 1, 0, 0]",1
8,408,381684,L,"[0, 0, 0, 0, 0, 1, 0, 0]",1
8,408,381701,L,"[0, 0, 0, 0, 0, 1, 0, 0]",1
8,408,381718,L,"[0, 0, 0, 0, 0, 1, 0, 0]",1
8,408,381734,L,"[0, 0, 0, 0, 0, 1, 0, 0]",1
8,408,381751,,"[0, 0, 0, 0, 0, 1, 0, 0]",1
8,408,381768,,"[0, 0, 0, 0, 0, 1, 0, 0]",1
8,408,381784,,"[0, 0, 0, 0, 0, 1, 0, 0]",1
8,408,381801,,"[0, 0, 0, 0, 0, 1, 0, 0]",1
8,408,381818,,"[0, 0, 0, 0, 0, 1, 0, 0]",1
8,408,381834,,"[0, 0, 0, 0, 0, 1, 0, 0]",1
8,408,381851,,"[0, 0, 0, 0, 0, 1, 0, 0]",1
8,408,381868,,"[0, 0, 0, 0, 0, 1, 0, 0]",1
8,408,381884,,"[0, 0, 0, 0, 0, 1, 0, 0]",1
8,408,381901,R,"[0, 0, 0, 0, 0, 1, 0, 0]",1
8,408,381918,R,"[0, 0, 0, 0, 0, 1, 0, 0]",1
9,408,381934,R,"[0, 0, 0, 0, 0, 1, 0, 0]",1
10,408,381951,R,"[0, 0, 0, 0, 0, 1, 0, 0]",1
11,408,381968,R,"[0, 0, 0, 0, 0, 1, 0, 0]",1
11,408,381984,R,"[0, 0, 0, 0, 0, 1, 0, 0]",1
12,408,382001,R,"[0, 0, 0, 0, 0, 1, 0, 0]",1
13,408,382018,R,"[0, 0, 0, 0, 0, 1, 0, 0]",1
14,408,382034,R,"[0, 0, 0, 0, 0, 1, 0, 0]",1
15,408,382051,R,"[0, 0, 0, 0, 0, 1, 0, 0]",1
15,408,382068,R,"[0, 0, 0, 0, 0, 1, 0, 0]",1
16,408,382084,R,"[0, 0, 0, 0, 0, 1, 0, 0]",1
17,408,382101,R,"[0, 0, 0, 0, 0, 1, 0, 0]",1
18,408,382118,R,"[0, 0, 0, 0, 0, 1, 0, 0]",1
19,408,382134,R,"[0, 0, 0, 0, 0, 1, 0, 0]",1
20,408,382151,R,"[0, 0, 0, 0, 0, 1, 0, 0]",1
21,408,382168,R,"[0, 0, 0, 0, 0, 1, 0, 0]",1
21,408,382184,R,"[0, 0, 0, 0, 0, 1, 0, 0]",1
22,408,382201,R,"[0, 0, 0, 0, 0, 1, 0, 0]",1
23,408,382218,R,"[0, 0, 0, 0, 0, 1, 0, 0]",1
24,408,382234,R,"[0, 0, 0, 0, 0, 1, 0, 0]",1
25,408,382251,R,"[0, 0, 0, 0, 0, 1, 0, 0]",1
26,408,382268,R,"[0, 0, 0, 0, 0, 1, 0, 0]",1
26,408,382284,R,"[0, 0, 0, 0, 0, 1, 0, 0]",1
27,408,382301,R,"[0, 0, 0, 0, 0, 1, 0, 0]",1
28,408,382318,R,"[0, 0, 0, 0, 0, 1, 0, 0]",1
29,408,382334,R,"[0, 0, 0, 0, 0, 1, 0, 0]",1
30,408,382351,R,"[0, 0, 0, 0, 0, 1, 0, 0]",1
31,408,382368,R,"[0, 0, 0, 0, 0, 1, 0, 0]",1
31,408,382384,R,"[0, 0, 0, 0, 0, 1, 0, 0]",1
32,408,382401,R,"[0, 0, 0, 0, 0, 1, 0, 0]",1
33,408,382418,R,"[0, 0, 0, 0, 0, 1, 0, 0]",1
34,408,382434,R,"[0, 0, 0, 0, 0, 1, 0, 0]",1
35,408,382451,R,"[0, 0, 0, 0, 0, 1, 0, 0]",1
35,408,382468,R,"[0, 0, 0, 0, 0, 1, 0, 0]",1
36,408,382484,R,"[0, 0, 0, 0, 0, 1, 0, 0]",1
37,408,382501,R,"[0, 0, 0, 0, 0, 1, 0, 0]",1
38,408,382518,R,"[0, 0, 0, 0, 0, 1, 0, 0]",1
39,408,382534,R,"[0, 0, 0, 0, 0, 1, 0, 0]",1
40,408,382551,R,"[0, 0, 0, 0, 0, 1, 0, 0]",1
40,408,382568,R,"[0, 0, 0, 0, 0, 1, 0, 0]",1
41,408,382584,R,"[0, 0, 0, 0, 0, 1, 0, 0]",1
42,408,382601,R,"[0, 0, 0, 0, 0, 1, 0, 0]",1
43,408,382618,R,"[0, 0, 0, 0, 0, 1, 0, 0]",1
44,408,382634,R,"[0, 0, 0, 0, 0, 1, 0, 0]",1
45,408,382651,R,"[0, 0, 0, 0, 0, 1, 0, 0]",1
45,408,382668,R,"[0, 0, 0, 0, 0, 1, 0, 0]",1
46,408,382684,R,"[0, 0, 0, 0, 0, 1, 0, 0]",1
47,408,382701,R,"[0, 0, 0, 0, 0, 1, 0, 0]",1
48,408,382718,R,"[0, 0, 0, 0, 0, 1, 0, 0]",1
49,408,382734,R,"[0, 0, 0, 0, 0, 1, 0, 0]",1
50,408,382751,R,"[0, 0, 0, 0, 0, 1, 0, 0]",1
50,408,382768,R,"[0, 0, 0, 0, 0, 1, 0, 0]",1
51,408,382784,R,"[0, 0, 0, 0, 0, 1, 0, 0]",1
52,408,382801,R,"[0, 0, 0, 0, 0, 1, 0, 0]",1
53,408,382818,R,"[0, 0, 0, 0, 0, 1, 0, 0]",1
54,408,382834,R,"[0, 0, 0, 0, 0, 1, 0, 0]",1
55,408,382851,,"[0, 0, 0, 0, 0, 1, 0, 0]",1
56,408,382868,,"[0, 0, 0, 0, 0, 1, 0, 0]",1
56,408,382884,,"[0, 0, 0, 0, 0, 1, 0, 0]",1
56,408,382901,,"[0, 0, 0, 0, 0, 1, 0, 0]",1
56,408,382918,,"[0, 0, 0, 0, 0, 1, 0, 0]",1
56,408,382934,U,"[0, 0, 0, 0, 0, 1, 0, 0]",1
56,408,382951,U,"[0, 0, 0, 0, 0, 1, 0, 0]",1
56,407,382968,U,"[0, 0, 0, 0, 0, 1, 0, 0]",1
56,406,382984,U,"[0, 0, 0, 0, 0, 1, 0, 0]",1
56,406,383001,U,"[0, 0, 0, 0, 0, 1, 0, 0]",1
56,405,383018,U,"[0, 0, 0, 0, 0, 1, 0, 0]",1
56,404,383034,U,"[0, 0, 0, 0, 0, 1, 0, 0]",1
56,403,383051,U,"[0, 0, 0, 0, 0, 1, 0, 0]",1
56,402,383068,U,"[0, 0, 0, 0, 0, 1, 0, 0]",1
56,401,383084,U,"[0, 0, 0, 0, 0, 1, 0, 0]",1
56,401,383101,U,"[0, 0, 0, 0, 0, 1, 0, 0]",1
56,400,383118,U,"[0, 0, 0, 0, 0, 1, 0, 0]",1
56,399,383134,U,"[0, 0, 0, 0, 0, 1, 0, 0]",1
56,398,383151,U,"[0, 0, 0, 0, 0, 1, 0, 0]",1
56,397,383168,U,"[0, 0, 0, 0, 0, 1, 0, 0]",1
56,396,383184,U,"[0, 0, 0, 0, 0, 1, 0, 0]",1
56,396,383201,U,"[0, 0, 0, 0, 0, 1, 0, 0]",1
56,395,383218,U,"[0, 0, 0, 0, 0, 1, 0, 0]",1
56,394,383234,U,"[0, 0, 0, 0, 0, 1, 0, 0]",1
56,393,383251,U,"[0, 0, 0, 0, 0, 1, 0, 0]",1
56,392,383268,U,"[0, 0, 0, 0, 0, 1, 0, 0]",1
56,391,383284,U,"[0, 0, 0, 0, 0, 1, 0, 0]",1
56,391,383301,U,"[0, 0, 0, 0, 0, 1, 0, 0]",1
56,390,383318,U,"[0, 0, 0, 0, 0, 1, 0, 0]",1
56,389,383334,U,"[0, 0, 0, 0, 0, 1, 0, 0]",1
56,388,383351,U,"[0, 0, 0, 0, 0, 1, 0, 0]",1
56,387,383368,U,"[0, 0, 0, 0, 0, 1, 0, 0]",1
56,386,383384,U,"[0, 0, 0, 0, 0, 1, 0, 0]",1
56,386,383401,U,"[0, 0, 0, 0, 0, 1, 0, 0]",1
56,385,383418,U,"[0, 0, 0, 0, 0, 1, 0, 0]",1
56,384,383434,U,"[0, 0, 0, 0, 0, 1, 0, 0]",1
56,383,383451,U,"[0, 0, 0, 0, 0, 1, 0, 0]",1
56,382,383468,U,"[0, 0, 0, 0, 0, 1, 0, 0]",1
56,381,383484,U,"[0, 0, 0, 0, 0, 1, 0, 0]",1
56,381,383501,U,"[0, 0, 0, 0, 0, 1, 0, 0]",1
56,380,383518,U,"[0, 0, 0, 0, 0, 1, 0, 0]",1
56,379,383534,U,"[0, 0, 0, 0, 0, 1, 0, 0]",1
56,378,383551,U,"[0, 0, 0, 0, 0, 1, 0, 0]",1
56,377,383568,U,"[0, 0, 0, 0, 0, 1, 0, 0]",1
56,376,383584,U,"[0, 0, 0, 0, 0, 1, 0, 0]",1
56,376,383601,U,"[0, 0, 0, 0, 0, 1, 0, 0]",1
56,375,383618,U,"[0, 0, 0, 0, 0, 1, 0, 0]",1
56,374,383634,U,"[0, 0, 0, 0, 0, 1, 0, 0]",1
56,373,383651,U,"[0, 0, 0, 0, 0, 1, 0, 0]",1
56,372,383668,U,"[0, 0, 0, 0, 0, 1, 0, 0]",1
56,371,383684,U,"[0, 0, 0, 0, 0, 1, 0, 0]",1
56,371,383701,U,"[0, 0, 0, 0, 0, 1, 0, 0]",1
56,370,383718,U,"[0, 0, 0, 0, 0, 1, 0, 0]",1
56,369,383734,U,"[0, 0, 0, 0, 0, 1, 0, 0]",1
56,368,383751,U,"[0, 0, 0, 0, 0, 1, 0, 0]",1
56,367,383768,U,"[0, 0, 0, 0, 0, 1, 0, 0]",1
56,366,383784,U,"[0, 0, 0, 0, 0, 1, 0, 0]",1
56,366,383801,U,"[0, 0, 0, 0, 0, 1, 0, 0]",1
56,365,383818,U,"[0, 0, 0, 0, 0, 1, 0, 0]",1
56,364,383834,U,"[0, 0, 0, 0, 0, 1, 0, 0]",1
56,363,383851,U,"[0, 0, 0, 0, 0, 1, 0, 0]",1
56,362,383868,U,"[0, 0, 0, 0, 0, 1, 0, 0]",1
56,361,383884,U,"[0, 0, 0, 0, 0, 1, 0, 0]",1
56,361,383901,U,"[0, 0, 0, 0, 0, 1, 0, 0]",1
56,360,383918,U,"[0, 0, 0, 0, 0, 1, 0, 0]",1
56,359,383934,U,"[0, 0, 0, 0, 0, 1, 0, 0]",1
56,358,383951,U,"[0, 0, 0, 0, 0, 1, 0, 0]",1
56,357,383968,U,"[0, 0, 0, 0, 0, 1, 0, 0]",1
56,356,383984,U,"[0, 0, 0, 0, 0, 1, 0, 0]",1
56,356,384001,U,"[0, 0, 0, 0, 0, 1, 0, 0]",1
56,355,384018,U,"[0, 0, 0, 0, 0, 1, 0, 0]",1
56,354,384034,U,"[0, 0, 0, 0, 0, 1, 0, 0]",1
56,353,384051,U,"[0, 0, 0, 0, 0, 1, 0, 0]",1
56,352,384068,U,"[0, 0, 0, 0, 0, 1, 0, 0]",1
56,351,384084,U,"[0, 0, 0, 0, 0, 1, 0, 0]",1
56,351,384101,U,"[0, 0, 0, 0, 0, 1, 0, 0]",1
56,350,384118,U,"[0, 0, 0, 0, 0, 1, 0, 0]",1
56,349,384134,U,"[0, 0, 0, 0, 0, 1, 0, 0]",1
56,348,384151,U,"[0, 0, 0, 0, 0, 1, 0, 0]",1
56,347,384168,U,"[0, 0, 0, 0, 0, 1, 0, 0]",1
56,346,384184,U,"[0, 0, 0, 0, 0, 1, 0, 0]",1
56,346,384201,U,"[0, 0, 0, 0, 0, 1, 0, 0]",1
56,345,384218,U,"[0, 0, 0, 0, 0, 1, 0, 0]",1
56,344,384251,U,"[0, 0, 0, 0, 0, 1, 0, 0]",1
56,343,384268,U,"[0, 0, 0, 0, 0, 1, 0, 0]",1
56,342,384284,U,"[0, 0, 0, 0, 0, 1, 0, 0]",1
56,341,384301,U,"[0, 0, 0, 0, 0, 1, 0, 0]",1
56,341,384334,U,"[0, 0, 0, 0, 0, 1, 0, 0]",1
56,340,384351,U,"[0, 0, 0, 0, 0, 1, 0, 0]",1
56,339,384368,U,"[0, 0, 0, 0, 0, 1, 0, 0]",1
56,338,384384,U,"[0, 0, 0, 0, 0, 1, 0, 0]",1
56,337,384401,U,"[0, 0, 0, 0, 0, 1, 0, 0]",1
56,336,384418,U,"[0, 0, 0, 0, 0, 1, 0, 0]",1
56,336,384434,U,"[0, 0, 0, 0, 0, 1, 0, 0]",1
56,335,384451,U,"[0, 0, 0, 0, 0, 1, 0, 0]",1
56,334,384468,U,"[0, 0, 0, 0, 0, 1, 0, 0]",1
56,333,384484,U,"[0, 0, 0, 0, 0, 1, 0, 0]",1
56,332,384501,U,"[0, 0, 0, 0, 0, 1, 0, 0]",1
56,331,384518,U,"[0, 0, 0, 0, 0, 1, 0, 0]",1
56,331,384534,U,"[0, 0, 0, 0, 0, 1, 0, 0]",1
56,330,384551,U,"[0, 0, 0, 0, 0, 1, 0, 0]",1
56,329,384568,U,"[0, 0, 0, 0, 0, 1, 0, 0]",1
56,328,384584,U,"[0, 0, 0, 0, 0, 1, 0, 0]",1
56,327,384601,U,"[0, 0, 0, 0, 0, 1, 0, 0]",1
56,326,384618,U,"[0, 0, 0, 0, 0, 1, 0, 0]",1
56,326,384634,U,"[0, 0, 0, 0, 0, 1, 0, 0]",1
56,325,384651,U,"[0, 0, 0, 0, 0, 1, 0, 0]",1
56,324,384668,U,"[0, 0, 0, 0, 0, 1, 0, 0]",1
56,323,384684,U,"[0, 0, 0, 0, 0, 1, 0, 0]",1
56,322,384701,U,"[0, 0, 0, 0, 0, 1, 0, 0]",1
56,321,384718,U,"[0, 0, 0, 0, 0, 1, 0, 0]",1
56,321,384734,U,"[0, 0, 0, 0, 0, 1, 0, 0]",1
56,320,384751,U,"[0, 0, 0, 0, 0, 1, 0, 0]",1
56,319,384768,U,"[0, 0, 0, 0, 0, 1, 0, 0]",1
56,318,384784,U,"[0, 0, 0, 0, 0, 1, 0, 0]",1
56,317,384801,U,"[0, 0, 0, 0, 0, 1, 0, 0]",1
56,316,384818,U,"[0, 0, 0, 0, 0, 1, 0, 0]",1
56,316,384834,U,"[0, 0, 0, 0, 0, 1, 0, 0]",1
56,315,384851,U,"[0, 0, 0, 0, 0, 1, 0, 0]",1
56,314,384868,U,"[0, 0, 0, 0, 0, 1, 0, 0]",1
56,313,384884,U,"[0, 0, 0, 0, 0, 1, 0, 0]",1
56,312,384901,U,"[0, 0, 0, 0, 0, 1, 0, 0]",1
56,311,384918,U,"[0, 0, 0, 0, 0, 1, 0, 0]",1
56,311,384934,U,"[0, 0, 0, 0, 0, 1, 0, 0]",1
56,310,384951,U,"[0, 0, 0, 0, 0, 1, 0, 0]",1
56,309,384968,U,"[0, 0, 0, 0, 0, 1, 0, 0]",1
56,308,384984,U,"[0, 0, 0, 0, 0, 1, 0, 0]",1
56,307,385001,U,"[0, 0, 0, 0, 0, 1, 0, 0]",1
56,306,385034,U,"[0, 0, 0, 0, 0, 1, 0, 0]",1
56,306,385051,U,"[0, 0, 0, 0, 0, 1, 0, 0]",1
56,305,385068,,"[0, 0, 0, 0, 0, 1, 0, 0]",1
56,304,385084,R,"[0, 0, 0, 0, 0, 1, 0, 0]",1
56,304,385101,R,"[0, 0, 0, 0, 0, 1, 0, 0]",1
56,304,385118,R,"[0, 0, 0, 0, 0, 1, 0, 0]",1
57,304,385134,R,"[0, 0, 0, 0, 0, 1, 0, 0]",1
58,304,385151,R,"[0, 0, 0, 0, 0, 1, 0, 0]",1
59,304,385168,R,"[0, 0, 0, 0, 0, 1, 0, 0]",1
60,304,385184,R,"[0, 0, 0, 0, 0, 1, 0, 0]",1
61,304,385201,R,"[0, 0, 0, 0, 0, 1, 0, 0]",1
61,304,385218,R,"[0, 0, 0, 0, 0, 1, 0, 0]",1
62,304,385234,R,"[0, 0, 0, 0, 0, 1, 0, 0]",1
63,304,385251,R,"[0, 0, 0, 0, 0, 1, 0, 0]",1
64,304,385268,R,"[0, 0, 0, 0, 0, 1, 0, 0]",1
65,304,385284,R,"[0, 0, 0, 0, 0, 1, 0, 0]",1
66,304,385301,R,"[0, 0, 0, 0, 0, 1, 0, 0]",1
66,304,385334,R,"[0, 0, 0, 0, 0, 1, 0, 0]",1
67,304,385351,R,"[0, 0, 0, 0, 0, 1, 0, 0]",1
68,304,385368,R,"[0, 0, 0, 0, 0, 1, 0, 0]",1
69,304,385384,R,"[0, 0, 0, 0, 0, 1, 0, 0]",1
70,304,385401,R,"[0, 0, 0, 0, 0, 1, 0, 0]",1
71,304,385418,R,"[0, 0, 0, 0, 0, 1, 0, 0]",1
71,304,385434,R,"[0, 0, 0, 0, 0, 1, 0, 0]",1
72,304,385451,R,"[0, 0, 0, 0, 0, 1, 0, 0]",1
73,304,385468,R,"[0, 0, 0, 0, 0, 1, 0, 0]",1
74,304,385484,R,"[0, 0, 0, 0, 0, 1, 0, 0]",1
75,304,385501,R,"[0, 0, 0, 0, 0, 1, 0, 0]",1
76,304,385518,R,"[0, 0, 0, 0, 0, 1, 0, 0]",1
76,304,385534,R,"[0, 0, 0, 0, 0, 1, 0, 0]",1
77,304,385551,R,"[0, 0, 0, 0, 0, 1, 0, 0]",1
78,304,385568,R,"[0, 0, 0, 0, 0, 1, 0, 0]",1
79,304,385584,R,"[0, 0, 0, 0, 0, 1, 0, 0]",1
80,304,385601,R,"[0, 0, 0, 0, 0, 1, 0, 0]",1
81,304,385618,R,"[0, 0, 0, 0, 0, 1, 0, 0]",1
81,304,385634,R,"[0, 0, 0, 0, 0, 1, 0, 0]",1
82,304,385651,R,"[0, 0, 0, 0, 0, 1, 0, 0]",1
83,304,385668,R,"[0, 0, 0, 0, 0, 1, 0, 0]",1
84,304,385684,R,"[0, 0, 0, 0, 0, 1, 0, 0]",1
85,304,385701,R,"[0, 0, 0, 0, 0, 1, 0, 0]",1
86,304,385718,R,"[0, 0, 0, 0, 0, 1, 0, 0]",1
86,304,385734,R,"[0, 0, 0, 0, 0, 1, 0, 0]",1
87,304,385751,R,"[0, 0, 0, 0, 0, 1, 0, 0]",1
88,304,385768,R,"[0, 0, 0, 0, 0, 1, 0, 0]",1
89,304,385784,R,"[0, 0, 0, 0, 0, 1, 0, 0]",1
90,304,385801,R,"[0, 0, 0, 0, 0, 1, 0, 0]",1
90,304,385818,R,"[0, 0, 0, 0, 0, 1, 0, 0]",1
91,304,385834,R,"[0, 0, 0, 0, 0, 1, 0, 0]",1
92,304,385851,R,"[0, 0, 0, 0, 0, 1, 0, 0]",1
93,304,385868,R,"[0, 0, 0, 0, 0, 1, 0, 0]",1
94,304,385884,R,"[0, 0, 0, 0, 0, 1, 0, 0]",1
95,304,385901,R,"[0, 0, 0, 0, 0, 1, 0, 0]",1
95,304,385918,R,"[0, 0, 0, 0, 0, 1, 0, 0]",1
96,304,385934,R,"[0, 0, 0, 0, 0, 1, 0, 0]",1
97,304,385951,R,"[0, 0, 0, 0, 0, 1, 0, 0]",1
98,304,385968,R,"[0, 0, 0, 0, 0, 1, 0, 0]",1
99,304,385984,R,"[0, 0, 0, 0, 0, 1, 0, 0]",1
100,304,386001,R,"[0, 0, 0, 0, 0, 1, 0, 0]",1
100,304,386018,R,"[0, 0, 0, 0, 0, 1, 0, 0]",1
101,304,386034,R,"[0, 0, 0, 0, 0, 1, 0, 0]",1
102,304,386051,R,"[0, 0, 0, 0, 0, 1, 0, 0]",1
103,304,386068,R,"[0, 0, 0, 0, 0, 1, 0, 0]",1
104,304,386084,R,"[0, 0, 0, 0, 0, 1, 0, 0]",1
105,304,386101,R,"[0, 0, 0, 0, 0, 1, 0, 0]",1
105,304,386118,R,"[0, 0, 0, 0, 0, 1, 0, 0]",1
106,304,386134,R,"[0, 0, 0, 0, 0, 1, 0, 0]",1
107,304,386151,R,"[0, 0, 0, 0, 0, 1, 0, 0]",1
108,304,386168,R,"[0, 0, 0, 0, 0, 1, 0, 0]",1
109,304,386184,R,"[0, 0, 0, 0, 0, 1, 0, 0]",1
110,304,386201,R,"[0, 0, 0, 0, 0, 1, 0, 0]",1
110,304,386218,R,"[0, 0, 0, 0, 0, 1, 0, 0]",1
111,304,386234,R,"[0, 0, 0, 0, 0, 1, 0, 0]",1
112,304,386251,R,"[0, 0, 0, 0, 0, 1, 0, 0]",1
113,304,386268,R,"[0, 0, 0, 0, 0, 1, 0, 0]",1
114,304,386284,R,"[0, 0, 0, 0, 0, 1, 0, 0]",1
115,304,386301,R,"[0, 0, 0, 0, 0, 1, 0, 0]",1
115,304,386318,R,"[0, 0, 0, 0, 0, 1, 0, 0]",1
116,304,386334,R,"[0, 0, 0, 0, 0, 1, 0, 0]",1
117,304,386351,R,"[0, 0, 0, 0, 0, 1, 0, 0]",1
118,304,386368,R,"[0, 0, 0, 0, 0, 1, 0, 0]",1
119,304,386384,R,"[0, 0, 0, 0, 0, 1, 0, 0]",1
120,304,386401,R,"[0, 0, 0, 0, 0, 1, 0, 0]",1
120,304,386418,R,"[0, 0, 0, 0, 0, 1, 0, 0]",1
121,304,386434,R,"[0, 0, 0, 0, 0, 1, 0, 0]",1
122,304,386451,R,"[0, 0, 0, 0, 0, 1, 0, 0]",1
123,304,386468,R,"[0, 0, 0, 0, 0, 1, 0, 0]",1
124,304,386484,R,"[0, 0, 0, 0, 0, 1, 0, 0]",1
125,304,386501,R,"[0, 0, 0, 0, 0, 1, 0, 0]",1
125,304,386518,R,"[0, 0, 0, 0, 0, 1, 0, 0]",1
126,304,386534,R,"[0, 0, 0, 0, 0, 1, 0, 0]",1
127,304,386551,R,"[0, 0, 0, 0, 0, 1, 0, 0]",1
128,304,386568,R,"[0, 0, 0, 0, 0, 1, 0, 0]",1
129,304,386584,R,"[0, 0, 0, 0, 0, 1, 0, 0]",1
130,304,386601,R,"[0, 0, 0, 0, 0, 1, 0, 0]",1
130,304,386634,R,"[0, 0, 0, 0, 0, 1, 0, 0]",1
131,304,386651,R,"[0, 0, 0, 0, 0, 1, 0, 0]",1
132,304,386668,R,"[0, 0, 0, 0, 0, 1, 0, 0]",1
133,304,386684,R,"[0, 0, 0, 0, 0, 1, 0, 0]",1
134,304,386701,R,"[0, 0, 0, 0, 0, 1, 0, 0]",1
135,304,386718,R,"[0, 0, 0, 0, 0, 1, 0, 0]",1
135,304,386734,R,"[0, 0, 0, 0, 0, 1, 0, 0]",1
136,304,386751,R,"[0, 0, 0, 0, 0, 1, 0, 0]",1
137,304,386768,R,"[0, 0, 0, 0, 0, 1, 0, 0]",1
138,304,386784,R,"[0, 0, 0, 0, 0, 1, 0, 0]",1
139,304,386801,R,"[0, 0, 0, 0, 0, 1, 0, 0]",1
140,304,386818,R,"[0, 0, 0, 0, 0, 1, 0, 0]",1
140,304,386834,R,"[0, 0, 0, 0, 0, 1, 0, 0]",1
141,304,386851,D,"[0, 0, 0, 0, 0, 1, 0, 0]",1
142,304,386868,D,"[0, 0, 0, 0, 0, 1, 0, 0]",1
142,305,386884,D,"[0, 0, 0, 0, 0, 1, 0, 0]",1
142,306,386901,D,"[0, 0, 0, 0, 0, 1, 0, 0]",1
142,306,386918,D,"[0, 0, 0, 0, 0, 1, 0, 0]",1
142,307,386934,D,"[0, 0, 0, 0, 0, 1, 0, 0]",1
142,308,386951,D,"[0, 0, 0, 0, 0, 1, 0, 0]",1
142,309,386968,D,"[0, 0, 0, 0, 0, 1, 0, 0]",1
142,310,386984,D,"[0, 0, 0, 0, 0, 1, 0, 0]",1
142,311,387001,D,"[0, 0, 0, 0, 0, 1, 0, 0]",1
142,311,387018,D,"[0, 0, 0, 0, 0, 1, 0, 0]",1
142,312,387034,D,"[0, 0, 0, 0, 0, 1, 0, 0]",1
142,313,387051,D,"[0, 0, 0, 0, 0, 1, 0, 0]",1
142,314,387068,D,"[0, 0, 0, 0, 0, 1, 0, 0]",1
142,315,387084,D,"[0, 0, 0, 0, 0, 1, 0, 0]",1
142,316,387101,D,"[0, 0, 0, 0, 0, 1, 0, 0]",1
142,316,387118,D,"[0, 0, 0, 0, 0, 1, 0, 0]",1
142,317,387134,D,"[0, 0, 0, 0, 0, 1, 0, 0]",1
142,318,387151,D,"[0, 0, 0, 0, 0, 1, 0, 0]",1
142,319,387168,D,"[0, 0, 0, 0, 0, 1, 0, 0]",1
142,320,387184,D,"[0, 0, 0, 0, 0, 1, 0, 0]",1
142,321,387201,D,"[0, 0, 0, 0, 0, 1, 0, 0]",1
142,321,387218,D,"[0, 0, 0, 0, 0, 1, 0, 0]",1
142,322,387234,D,"[0, 0, 0, 0, 0, 1, 0, 0]",1
142,323,387251,D,"[0, 0, 0, 0, 0, 1, 0, 0]",1
142,324,387268,D,"[0, 0, 0, 0, 0, 1, 0, 0]",1
142,325,387284,D,"[0, 0, 0, 0, 0, 1, 0, 0]",1
142,326,387301,D,"[0, 0, 0, 0, 0, 1, 0, 0]",1
142,326,387318,D,"[0, 0, 0, 0, 0, 1, 0, 0]",1
142,327,387334,D,"[0, 0, 0, 0, 0, 1, 0, 0]",1
142,328,387351,D,"[0, 0, 0, 0, 0, 1, 0, 0]",1
142,329,387368,D,"[0, 0, 0, 0, 0, 1, 0, 0]",1
142,330,387384,D,"[0, 0, 0, 0, 0, 1, 0, 0]",1
142,331,387401,D,"[0, 0, 0, 0, 0, 1, 0, 0]",1
142,331,387418,D,"[0, 0, 0, 0, 0, 1, 0, 0]",1
142,332,387434,D,"[0, 0, 0, 0, 0, 1, 0, 0]",1
142,333,387451,D,"[0, 0, 0, 0, 0, 1, 0, 0]",1
142,334,387468,D,"[0, 0, 0, 0, 0, 1, 0, 0]",1
142,335,387484,D,"[0, 0, 0, 0, 0, 1, 0, 0]",1
142,336,387501,D,"[0, 0, 0, 0, 0, 1, 0, 0]",1
142,336,387518,D,"[0, 0, 0, 0, 0, 1, 0, 0]",1
142,337,387534,D,"[0, 0, 0, 0, 0, 1, 0, 0]",1
142,338,387551,D,"[0, 0, 0, 0, 0, 1, 0, 0]",1
142,339,387568,D,"[0, 0, 0, 0, 0, 1, 0, 0]",1
142,340,387584,D,"[0, 0, 0, 0, 0, 1, 0, 0]",1
142,341,387601,D,"[0, 0, 0, 0, 0, 1, 0, 0]",1
142,341,387618,D,"[0, 0, 0, 0, 0, 1, 0, 0]",1
142,342,387634,D,"[0, 0, 0, 0, 0, 1, 0, 0]",1
142,343,387651,D,"[0, 0, 0, 0, 0, 1, 0, 0]",1
142,344,387668,D,"[0, 0, 0, 0, 0, 1, 0, 0]",1
142,345,387684,D,"[0, 0, 0, 0, 0, 1, 0, 0]",1
142,346,387701,D,"[0, 0, 0, 0, 0, 1, 0, 0]",1
142,346,387718,D,"[0, 0, 0, 0, 0, 1, 0, 0]",1
142,347,387734,D,"[0, 0, 0, 0, 0, 1, 0, 0]",1
142,348,387751,D,"[0, 0, 0, 0, 0, 1, 0, 0]",1
142,349,387768,D,"[0, 0, 0, 0, 0, 1, 0, 0]",1
142,350,387784,D,"[0, 0, 0, 0, 0, 1, 0, 0]",1
142,351,387801,D,"[0, 0, 0, 0, 0, 1, 0, 0]",1
142,351,387818,D,"[0, 0, 0, 0, 0, 1, 0, 0]",1
142,352,387834,D,"[0, 0, 0, 0, 0, 1, 0, 0]",1
142,353,387851,D,"[0, 0, 0, 0, 0, 1, 0, 0]",1
142,354,387868,D,"[0, 0, 0, 0, 0, 1, 0, 0]",1
142,355,387884,D,"[0, 0, 0, 0, 0, 1, 0, 0]",1
142,356,387901,D,"[0, 0, 0, 0, 0, 1, 0, 0]",1
142,356,387918,D,"[0, 0, 0, 0, 0, 1, 0, 0]",1
142,357,387934,D,"[0, 0, 0, 0, 0, 1, 0, 0]",1
142,358,387951,D,"[0, 0, 0, 0, 0, 1, 0, 0]",1
142,359,387968,D,"[0, 0, 0, 0, 0, 1, 0, 0]",1
142,360,387984,D,"[0, 0, 0, 0, 0, 1, 0, 0]",1
142,361,388001,D,"[0, 0, 0, 0, 0, 1, 0, 0]",1
142,361,388018,D,"[0, 0, 0, 0, 0, 1, 0, 0]",1
142,362,388051,D,"[0, 0, 0, 0, 0, 1, 0, 0]",1
142,363,388068,D,"[0, 0, 0, 0, 0, 1, 0, 0]",1
142,364,388084,D,"[0, 0, 0, 0, 0, 1, 0, 0]",1
142,365,388101,D,"[0, 0, 0, 0, 0, 1, 0, 0]",1
142,366,388118,D,"[0, 0, 0, 0, 0, 1, 0, 0]",1
142,366,388134,D,"[0, 0, 0, 0, 0, 1, 0, 0]",1
142,367,388151,D,"[0, 0, 0, 0, 0, 1, 0, 0]",1
142,368,388168,D,"[0, 0, 0, 0, 0, 1, 0, 0]",1
142,369,388184,D,"[0, 0, 0, 0, 0, 1, 0, 0]",1
142,370,388201,D,"[0, 0, 0, 0, 0, 1, 0, 0]",1
142,371,388218,D,"[0, 0, 0, 0, 0, 1, 0, 0]",1
142,371,388234,D,"[0, 0, 0, 0, 0, 1, 0, 0]",1
142,372,388251,D,"[0, 0, 0, 0, 0, 1, 0, 0]",1
142,373,388268,D,"[0, 0, 0, 0, 0, 1, 0, 0]",1
142,374,388284,D,"[0, 0, 0, 0, 0, 1, 0, 0]",1
142,375,388301,D,"[0, 0, 0, 0, 0, 1, 0, 0]",1
142,376,388318,D,"[0, 0, 0, 0, 0, 1, 0, 0]",1
142,376,388334,D,"[0, 0, 0, 0, 0, 1, 0, 0]",1
142,377,388351,D,"[0, 0, 0, 0, 0, 1, 0, 0]",1
142,378,388368,D,"[0, 0, 0, 0, 0, 1, 0, 0]",1
142,379,388384,D,"[0, 0, 0, 0, 0, 1, 0, 0]",1
142,380,388401,D,"[0, 0, 0, 0, 0, 1, 0, 0]",1
142,381,388418,D,"[0, 0, 0, 0, 0, 1, 0, 0]",1
142,381,388434,D,"[0, 0, 0, 0, 0, 1, 0, 0]",1
142,382,388451,D,"[0, 0, 0, 0, 0, 1, 0, 0]",1
142,383,388468,D,"[0, 0, 0, 0, 0, 1, 0, 0]",1
142,384,388484,D,"[0, 0, 0, 0, 0, 1, 0, 0]",1
142,385,388501,D,"[0, 0, 0, 0, 0, 1, 0, 0]",1
142,386,388518,D,"[0, 0, 0, 0, 0, 1, 0, 0]",1
142,386,388534,D,"[0, 0, 0, 0, 0, 1, 0, 0]",1
142,387,388551,D,"[0, 0, 0, 0, 0, 1, 0, 0]",1
142,388,388568,D,"[0, 0, 0, 0, 0, 1, 0, 0]",1
142,389,388584,D,"[0, 0, 0, 0, 0, 1, 0, 0]",1
142,390,388601,D,"[0, 0, 0, 0, 0, 1, 0, 0]",1
142,391,388618,D,"[0, 0, 0, 0, 0, 1, 0, 0]",1
142,391,388634,D,"[0, 0, 0, 0, 0, 1, 0, 0]",1
142,392,388651,D,"[0, 0, 0, 0, 0, 1, 0, 0]",1
142,393,388668,D,"[0, 0, 0, 0, 0, 1, 0, 0]",1
142,394,388684,D,"[0, 0, 0, 0, 0, 1, 0, 0]",1
142,395,388701,D,"[0, 0, 0, 0, 0, 1, 0, 0]",1
142,396,388718,D,"[0, 0, 0, 0, 0, 1, 0, 0]",1
142,396,388734,D,"[0, 0, 0, 0, 0, 1, 0, 0]",1
142,397,388751,D,"[0, 0, 0, 0, 0, 1, 0, 0]",1
142,398,388768,D,"[0, 0, 0, 0, 0, 1, 0, 0]",1
142,399,388784,D,"[0, 0, 0, 0, 0, 1, 0, 0]",1
142,400,388801,D,"[0, 0, 0, 0, 0, 1, 0, 0]",1
142,401,388818,D,"[0, 0, 0, 0, 0, 1, 0, 0]",1
142,401,388834,D,"[0, 0, 0, 0, 0, 1, 0, 0]",1
142,402,388851,D,"[0, 0, 0, 0, 0, 1, 0, 0]",1
142,403,388868,D,"[0, 0, 0, 0, 0, 1, 0, 0]",1
142,404,388884,D,"[0, 0, 0, 0, 0, 1, 0, 0]",1
142,405,388901,D,"[0, 0, 0, 0, 0, 1, 0, 0]",1
142,406,388918,D,"[0, 0, 0, 0, 0, 1, 0, 0]",1
142,406,388934,D,"[0, 0, 0, 0, 0, 1, 0, 0]",1
142,407,388951,D,"[0, 0, 0, 0, 0, 1, 0, 0]",1
142,408,388968,D,"[0, 0, 0, 0, 0, 1, 0, 0]",1
142,409,388984,D,"[0, 0, 0, 0, 0, 1, 0, 0]",1
142,410,389001,D,"[0, 0, 0, 0, 0, 1, 0, 0]",1
142,410,389018,D,"[0, 0, 0, 0, 0, 1, 0, 0]",1
142,411,389034,D,"[0, 0, 0, 0, 0, 1, 0, 0]",1
142,412,389051,D,"[0, 0, 0, 0, 0, 1, 0, 0]",1
142,413,389068,D,"[0, 0, 0, 0, 0, 1, 0, 0]",1
142,414,389084,D,"[0, 0, 0, 0, 0, 1, 0, 0]",1
142,415,389101,D,"[0, 0, 0, 0, 0, 1, 0, 0]",1
142,415,389118,D,"[0, 0, 0, 0, 0, 1, 0, 0]",1
142,416,389134,D,"[0, 0, 0, 0, 0, 1, 0, 0]",1
142,417,389151,D,"[0, 0, 0, 0, 0, 1, 0, 0]",1
142,418,389168,D,"[0, 0, 0, 0, 0, 1, 0, 0]",1
142,419,389184,D,"[0, 0, 0, 0, 0, 1, 0, 0]",1
142,420,389201,D,"[0, 0, 0, 0, 0, 1, 0, 0]",1
142,420,389218,D,"[0, 0, 0, 0, 0, 1, 0, 0]",1
142,421,389234,D,"[0, 0, 0, 0, 0, 1, 0, 0]",1
142,422,389251,D,"[0, 0, 0, 0, 0, 1, 0, 0]",1
142,423,389268,D,"[0, 0, 0, 0, 0, 1, 0, 0]",1
142,424,389284,D,"[0, 0, 0, 0, 0, 1, 0, 0]",1
142,425,389301,D,"[0, 0, 0, 0, 0, 1, 0, 0]",1
142,425,389318,D,"[0, 0, 0, 0, 0, 1, 0, 0]",1
142,426,389334,D,"[0, 0, 0, 0, 0, 1, 0, 0]",1
142,427,389351,D,"[0, 0, 0, 0, 0, 1, 0, 0]",1
142,428,389368,D,"[0, 0, 0, 0, 0, 1, 0, 0]",1
142,429,389384,D,"[0, 0, 0, 0, 0, 1, 0, 0]",1
142,430,389401,D,"[0, 0, 0, 0, 0, 1, 0, 0]",1
142,430,389418,D,"[0, 0, 0, 0, 0, 1, 0, 0]",1
142,431,389434,D,"[0, 0, 0, 0, 0, 1, 0, 0]",1
142,432,389451,D,"[0, 0, 0, 0, 0, 1, 0, 0]",1
142,433,389468,D,"[0, 0, 0, 0, 0, 1, 0, 0]",1
142,434,389484,D,"[0, 0, 0, 0, 0, 1, 0, 0]",1
142,435,389501,D,"[0, 0, 0, 0, 0, 1, 0, 0]",1
142,435,389518,D,"[0, 0, 0, 0, 0, 1, 0, 0]",1
142,436,389534,D,"[0, 0, 0, 0, 0, 1, 0, 0]",1
142,437,389551,D,"[0, 0, 0, 0, 0, 1, 0, 0]",1
142,438,389568,D,"[0, 0, 0, 0, 0, 1, 0, 0]",1
142,439,389584,D,"[0, 0, 0, 0, 0, 1, 0, 0]",1
142,440,389601,D,"[0, 0, 0, 0, 0, 1, 0, 0]",1
142,440,389618,D,"[0, 0, 0, 0, 0, 1, 0, 0]",1
142,441,389634,D,"[0, 0, 0, 0, 0, 1, 0, 0]",1
142,442,389651,D,"[0, 0, 0, 0, 0, 1, 0, 0]",1
142,443,389668,D,"[0, 0, 0, 0, 0, 1, 0, 0]",1
142,444,389684,D,"[0, 0, 0, 0, 0, 1, 0, 0]",1
142,445,389701,D,"[0, 0, 0, 0, 0, 1, 0, 0]",1
142,445,389718,D,"[0, 0, 0, 0, 0, 1, 0, 0]",1
142,446,389734,D,"[0, 0, 0, 0, 0, 1, 0, 0]",1
142,447,389751,D,"[0, 0, 0, 0, 0, 1, 0, 0]",1
142,448,389768,D,"[0, 0, 0, 0, 0, 1, 0, 0]",1
142,449,389784,D,"[0, 0, 0, 0, 0, 1, 0, 0]",1
142,450,389801,D,"[0, 0, 0, 0, 0, 1, 0, 0]",1
142,450,389818,D,"[0, 0, 0, 0, 0, 1, 0, 0]",1
142,451,389834,D,"[0, 0, 0, 0, 0, 1, 0, 0]",1
142,452,389851,D,"[0, 0, 0, 0, 0, 1, 0, 0]",1
142,453,389868,D,"[0, 0, 0, 0, 0, 1, 0, 0]",1
142,454,389884,D,"[0, 0, 0, 0, 0, 1, 0, 0]",1
142,455,389901,D,"[0, 0, 0, 0, 0, 1, 0, 0]",1
142,455,389918,D,"[0, 0, 0, 0, 0, 1, 0, 0]",1
142,456,389934,D,"[0, 0, 0, 0, 0, 1, 0, 0]",1
142,457,389951,D,"[0, 0, 0, 0, 0, 1, 0, 0]",1
142,458,389968,D,"[0, 0, 0, 0, 0, 1, 0, 0]",1
142,459,389984,D,"[0, 0, 0, 0, 0, 1, 0, 0]",1
142,460,390001,D,"[0, 0, 0, 0, 0, 1, 0, 0]",1
142,460,390018,D,"[0, 0, 0, 0, 0, 1, 0, 0]",1
142,461,390034,D,"[0, 0, 0, 0, 0, 1, 0, 0]",1
142,462,390051,D,"[0, 0, 0, 0, 0, 1, 0, 0]",1
142,463,390068,D,"[0, 0, 0, 0, 0, 1, 0, 0]",1
142,464,390084,D,"[0, 0, 0, 0, 0, 1, 0, 0]",1
142,465,390101,D,"[0, 0, 0, 0, 0, 1, 0, 0]",1
142,465,390118,D,"[0, 0, 0, 0, 0, 1, 0, 0]",1
142,466,390134,D,"[0, 0, 0, 0, 0, 1, 0, 0]",1
142,467,390151,D,"[0, 0, 0, 0, 0, 1, 0, 0]",1
142,468,390168,D,"[0, 0, 0, 0, 0, 1, 0, 0]",1
142,469,390184,,"[0, 0, 0, 0, 0, 1, 0, 0]",1
142,470,390201,,"[0, 0, 0, 0, 0, 1, 0, 0]",1
142,470,390218,,"[0, 0, 0, 0, 0, 1, 0, 0]",1
142,470,390234,,"[0, 0, 0, 0, 0, 1, 0, 0]",1
142,470,390251,L,"[0, 0, 0, 0, 0, 1, 0, 0]",1
142,470,390268,L,"[0, 0, 0, 0, 0, 1, 0, 0]",1
141,470,390284,L,"[0, 0, 0, 0, 0, 1, 0, 0]",1
140,470,390301,L,"[0, 0, 0, 0, 0, 1, 0, 0]",1
140,470,390318,L,"[0, 0, 0, 0, 0, 1, 0, 0]",1
139,470,390334,L,"[0, 0, 0, 0, 0, 1, 0, 0]",1
138,470,390351,L,"[0, 0, 0, 0, 0, 1, 0, 0]",1
137,470,390368,L,"[0, 0, 0, 0, 0, 1, 0, 0]",1
136,470,390384,L,"[0, 0, 0, 0, 0, 1, 0, 0]",1
135,470,390401,L,"[0, 0, 0, 0, 0, 1, 0, 0]",1
135,470,390418,L,"[0, 0, 0, 0, 0, 1, 0, 0]",1
134,470,390434,L,"[0, 0, 0, 0, 0, 1, 0, 0]",1
133,470,390451,L,"[0, 0, 0, 0, 0, 1, 0, 0]",1
132,470,390468,L,"[0, 0, 0, 0, 0, 1, 0, 0]",1
131,470,390484,L,"[0, 0, 0, 0, 0, 1, 0, 0]",1
130,470,390501,L,"[0, 0, 0, 0, 0, 1, 0, 0]",1
130,470,390518,L,"[0, 0, 0, 0, 0, 1, 0, 0]",1
129,470,390534,L,"[0, 0, 0, 0, 0, 1, 0, 0]",1
128,470,390551,,"[0, 0, 0, 0, 0, 1, 0, 0]",1
127,470,390568,,"[0, 0, 0, 0, 0, 1, 0, 0]",1
127,470,390584,,"[0, 0, 0, 0, 0, 1, 0, 0]",1
127,470,390601,,"[0, 0, 0, 0, 0, 1, 0, 0]",1
127,470,390618,,"[0, 0, 0, 0, 0, 1, 0, 0]",1
127,470,390634,,"[0, 0, 0, 0, 0, 1, 0, 0]",1
127,470,390651,,"[0, 0, 0, 0, 0, 1, 0, 0]",1
127,470,390668,,"[0, 0, 0, 0, 0, 1, 0, 0]",1
127,470,390684,,"[0, 0, 0, 0, 0, 1, 0, 0]",1
127,470,390701,,"[0, 0, 0, 0, 0, 1, 0, 0]",1
127,470,390718,,"[0, 0, 0, 0, 0, 1, 0, 0]",1
127,470,390734,,"[0, 0, 0, 0, 0, 1, 0, 0]",1
127,470,390751,,"[0, 0, 0, 0, 0, 1, 0, 0]",1
127,470,390768,,"[0, 0, 0, 0, 0, 1, 0, 0]",1
127,470,390784,,"[0, 0, 0, 0, 0, 1, 0, 0]",1
127,470,390801,,"[0, 0, 0, 0, 0, 1, 0, 0]",1
127,470,390818,,"[0, 0, 0, 0, 0, 1, 0, 0]",1
127,470,390834,,"[0, 0, 0, 0, 0, 1, 0, 0]",1
127,470,390851,,"[0, 0, 0, 0, 0, 1, 0, 0]",1
127,470,390868,,"[0, 0, 0, 0, 0, 1, 0, 0]",1
127,470,390884,,"[0, 0, 0, 0, 0, 1, 0, 0]",1
127,470,390901,,"[0, 0, 0, 0, 0, 1, 0, 0]",1
127,470,390918,,"[0, 0, 0, 0, 0, 1, 0, 0]",1
127,470,390934,,"[0, 0, 0, 0, 0, 1, 0, 0]",1
127,470,390951,,"[0, 0, 0, 0, 0, 1, 0, 0]",1
127,470,390968,,"[0, 0, 0, 0, 0, 1, 0, 0]",1
127,470,390984,,"[0, 0, 0, 0, 0, 1, 0, 0]",1
127,470,391001,,"[0, 0, 0, 0, 0, 1, 0, 0]",1
127,470,391018,,"[0, 0, 0, 0, 0, 1, 0, 0]",1
127,470,391034,,"[0, 0, 0, 0, 0, 1, 0, 0]",1
127,470,391051,,"[0, 0, 0, 0, 0, 1, 0, 0]",1
127,470,391068,,"[0, 0, 0, 0, 0, 1, 0, 0]",1
127,470,391084,,"[0, 0, 0, 0, 0, 1, 0, 0]",1
127,470,391101,,"[0, 0, 0, 0, 0, 1, 0, 0]",1
127,470,391118,,"[0, 0, 0, 0, 0, 1, 0, 0]",1
127,470,391134,,"[0, 0, 0, 0, 0, 1, 0, 0]",1
127,470,391151,,"[0, 0, 0, 0, 0, 1, 0, 0]",1
127,470,391168,,"[0, 0, 0, 0, 0, 1, 0, 0]",1
127,470,391184,,"[0, 0, 0, 0, 0, 1, 0, 0]",1
127,470,391201,,"[0, 0, 0, 0, 0, 1, 0, 0]",1
127,470,391218,,"[0, 0, 0, 0, 0, 1, 0, 0]",1
127,470,391234,,"[0, 0, 0, 0, 0, 1, 0, 0]",1
127,470,391251,,"[0, 0, 0, 0, 0, 1, 0, 0]",1
127,470,391268,,"[0, 0, 0, 0, 0, 1, 0, 0]",1
127,470,391284,,"[0, 0, 0, 0, 0, 1, 0, 0]",1
127,470,391301,,"[0, 0, 0, 0, 0, 1, 0, 0]",1
127,470,391318,,"[0, 0, 0, 0, 0, 1, 0, 0]",1
127,470,391334,,"[0, 0, 0, 0, 0, 1, 0, 0]",1
127,470,391351,,"[0, 0, 0, 0, 0, 1, 0, 0]",1
127,470,391368,,"[0, 0, 0, 0, 0, 1, 0, 0]",1
127,470,391384,,"[0, 0, 0, 0, 0, 1, 0, 0]",1
127,470,391401,,"[0, 0, 0, 0, 0, 1, 0, 0]",1
127,470,391418,,"[0, 0, 0, 0, 0, 1, 0, 0]",1
127,470,391434,,"[0, 0, 0, 0, 0, 1, 0, 0]",1
127,470,391451,,"[0, 0, 0, 0, 0, 1, 0, 0]",1
127,470,391468,,"[0, 0, 0, 0, 0, 1, 0, 0]",1
127,470,391484,,"[0, 0, 0, 0, 0, 1, 0, 0]",1
127,470,391501,,"[0, 0, 0, 0, 0, 1, 0, 0]",1
127,470,391518,,"[0, 0, 0, 0, 0, 1, 0, 0]",1
127,470,391534,,"[0, 0, 0, 0, 0, 1, 0, 0]",1
127,470,391551,,"[0, 0, 0, 0, 0, 1, 0, 0]",1
127,470,391568,,"[0, 0, 0, 0, 0, 1, 0, 0]",1
127,470,391584,,"[0, 0, 0, 0, 0, 1, 0, 0]",1
127,470,391601,,"[0, 0, 0, 0, 0, 1, 0, 0]",1
127,470,391618,,"[0, 0, 0, 0, 0, 1, 0, 0]",1
127,470,391634,,"[0, 0, 0, 0, 0, 1, 0, 0]",1
127,470,391651,,"[0, 0, 0, 0, 0, 1, 0, 0]",1
127,470,391668,,"[0, 0, 0, 0, 0, 1, 0, 0]",1
127,470,391684,,"[0, 0, 0, 0, 0, 1, 0, 0]",1
127,470,391718,,"[0, 0, 0, 0, 0, 1, 0, 0]",1
127,470,391734,,"[0, 0, 0, 0, 0, 1, 0, 0]",1
127,470,391751,,"[0, 0, 0, 0, 0, 1, 0, 0]",1
127,470,391768,,"[0, 0, 0, 0, 0, 1, 0, 0]",1
127,470,391784,,"[0, 0, 0, 0, 0, 1, 0, 0]",1
127,470,391801,,"[0, 0, 0, 0, 0, 1, 0, 0]",1
127,470,391818,,"[0, 0, 0, 0, 0, 1, 0, 0]",1
127,470,391834,,"[0, 0, 0, 0, 0, 1, 0, 0]",1
127,470,391851,,"[0, 0, 0, 0, 0, 1, 0, 0]",1
127,470,391868,,"[0, 0, 0, 0, 0, 1, 0, 0]",1
127,470,391884,,"[0, 0, 0, 0, 0, 1, 0, 0]",1
127,470,391901,,"[0, 0, 0, 0, 0, 1, 0, 0]",1
127,470,391918,,"[0, 0, 0, 0, 0, 1, 0, 0]",1
127,470,391934,,"[0, 0, 0, 0, 0, 1, 0, 0]",1
127,470,391951,,"[0, 0, 0, 0, 0, 1, 0, 0]",1
127,470,391968,,"[0, 0, 0, 0, 0, 1, 0, 0]",1
127,470,391984,,"[0, 0, 0, 0, 0, 1, 0, 0]",1
127,470,392001,,"[0, 0, 0, 0, 0, 1, 0, 0]",1
127,470,392018,,"[0, 0, 0, 0, 0, 1, 0, 0]",1
127,470,392034,,"[0, 0, 0, 0, 0, 1, 0, 0]",1
127,470,392051,,"[0, 0, 0, 0, 0, 1, 0, 0]",1
127,470,392068,,"[0, 0, 0, 0, 0, 1, 0, 0]",1
127,470,392084,,"[0, 0, 0, 0, 0, 1, 0, 0]",1
127,470,392101,,"[0, 0, 0, 0, 0, 1, 0, 0]",1
127,470,392118,,"[0, 0, 0, 0, 0, 1, 0, 0]",1
127,470,392134,,"[0, 0, 0, 0, 0, 1, 0, 0]",1
127,470,392151,,"[0, 0, 0, 0, 0, 1, 0, 0]",1
127,470,392168,,"[0, 0, 0, 0, 0, 1, 0, 0]",1
127,470,392184,,"[0, 0, 0, 0, 0, 1, 0, 0]",1
127,470,392201,,"[0, 0, 0, 0, 0, 1, 0, 0]",1
127,470,392218,,"[0, 0, 0, 0, 0, 1, 0, 0]",1
127,470,392234,,"[0, 0, 0, 0, 0, 1, 0, 0]",1
127,470,392251,,"[0, 0, 0, 0, 0, 1, 0, 0]",1
127,470,392268,,"[0, 0, 0, 0, 0, 1, 0, 0]",1
127,470,392284,,"[0, 0, 0, 0, 0, 1, 0, 0]",1
127,470,392301,,"[0, 0, 0, 0, 0, 1, 0, 0]",1
127,470,392334,,"[0, 0, 0, 0, 0, 1, 0, 0]",1
127,470,392351,,"[0, 0, 0, 0, 0, 1, 0, 0]",1
127,470,392368,,"[0, 0, 0, 0, 0, 1, 0, 0]",1
127,470,392384,,"[0, 0, 0, 0, 0, 1, 0, 0]",1
127,470,392401,,"[0, 0, 0, 0, 0, 1, 0, 0]",1
127,470,392418,,"[0, 0, 0, 0, 0, 1, 0, 0]",1
127,470,392434,,"[0, 0, 0, 0, 0, 1, 0, 0]",1
127,470,392451,,"[0, 0, 0, 0, 0, 1, 0, 0]",1
127,470,392468,,"[0, 0, 0, 0, 0, 1, 0, 0]",1
127,470,392484,,"[0, 0, 0, 0, 0, 1, 0, 0]",1
127,470,392501,,"[0, 0, 0, 0, 0, 1, 0, 0]",1
127,470,392518,,"[0, 0, 0, 0, 0, 1, 0, 0]",1
127,470,392534,,"[0, 0, 0, 0, 0, 1, 0, 0]",1
127,470,392551,,"[0, 0, 0, 0, 0, 1, 0, 0]",1
127,470,392568,,"[0, 0, 0, 0, 0, 1, 0, 0]",1
127,470,392584,,"[0, 0, 0, 0, 0, 1, 0, 0]",1
127,470,392601,,"[0, 0, 0, 0, 0, 1, 0, 0]",1
127,470,392618,,"[0, 0, 0, 0, 0, 1, 0, 0]",1
127,470,392634,,"[0, 0, 0, 0, 0, 1, 0, 0]",1
127,470,392651,,"[0, 0, 0, 0, 0, 1, 0, 0]",1
127,470,392668,,"[0, 0, 0, 0, 0, 1, 0, 0]",1
127,470,392684,,"[0, 0, 0, 0, 0, 1, 0, 0]",1
127,470,392701,,"[0, 0, 0, 0, 0, 1, 0, 0]",1
127,470,392718,,"[0, 0, 0, 0, 0, 1, 0, 0]",1
127,470,392734,,"[0, 0, 0, 0, 0, 1, 0, 0]",1
127,470,392751,,"[0, 0, 0, 0, 0, 1, 0, 0]",1
127,470,392768,,"[0, 0, 0, 0, 0, 1, 0, 0]",1
127,470,392784,,"[0, 0, 0, 0, 0, 1, 0, 0]",1
127,470,392801,,"[0, 0, 0, 0, 0, 1, 0, 0]",1
127,470,392818,,"[0, 0, 0, 0, 0, 1, 0, 0]",1
127,470,392834,,"[0, 0, 0, 0, 0, 1, 0, 0]",1
127,470,392851,,"[0, 0, 0, 0, 0, 1, 0, 0]",1
127,470,392868,,"[0, 0, 0, 0, 0, 1, 0, 0]",1
127,470,392884,,"[0, 0, 0, 0, 0, 1, 0, 0]",1
127,470,392901,,"[0, 0, 0, 0, 0, 1, 0, 0]",1
127,470,392918,,"[0, 0, 0, 0, 0, 1, 0, 0]",1
127,470,392934,,"[0, 0, 0, 0, 0, 1, 0, 0]",1
127,470,392951,,"[0, 0, 0, 0, 0, 1, 0, 0]",1
127,470,392968,,"[0, 0, 0, 0, 0, 1, 0, 0]",1
127,470,392984,,"[0, 0, 0, 0, 0, 1, 0, 0]",1
127,470,393001,,"[0, 0, 0, 0, 0, 1, 0, 0]",1
127,470,393018,,"[0, 0, 0, 0, 0, 1, 0, 0]",1
127,470,393034,,"[0, 0, 0, 0, 0, 1, 0, 0]",1
127,470,393051,,"[0, 0, 0, 0, 0, 1, 0, 0]",1
127,470,393068,,"[0, 0, 0, 0, 0, 1, 0, 0]",1
127,470,393084,,"[0, 0, 0, 0, 0, 1, 0, 0]",1
127,470,393101,,"[0, 0, 0, 0, 0, 1, 0, 0]",1
127,470,393118,,"[0, 0, 0, 0, 0, 1, 0, 0]",1
127,470,393134,,"[0, 0, 0, 0, 0, 1, 0, 0]",1
127,470,393151,,"[0, 0, 0, 0, 0, 1, 0, 0]",1
127,470,393168,,"[0, 0, 0, 0, 0, 1, 0, 0]",1
127,470,393184,,"[0, 0, 0, 0, 0, 1, 0, 0]",1
127,470,393201,,"[0, 0, 0, 0, 0, 1, 0, 0]",1
127,470,393218,,"[0, 0, 0, 0, 0, 1, 0, 0]",1
127,470,393234,,"[0, 0, 0, 0, 0, 1, 0, 0]",1
127,470,393251,,"[0, 0, 0, 0, 0, 1, 0, 0]",1
127,470,393268,,"[0, 0, 0, 0, 0, 1, 0, 0]",1
127,470,393284,,"[0, 0, 0, 0, 0, 1, 0, 0]",1
127,470,393301,,"[0, 0, 0, 0, 0, 1, 0, 0]",1
127,470,393318,,"[0, 0, 0, 0, 0, 1, 0, 0]",1
127,470,503633,,"[0, 0, 0, 0, 0, 1, 0, 0]",1
127,470,503650,,"[0, 0, 0, 0, 0, 1, 0, 0]",1
127,470,503667,,"[0, 0, 0, 0, 0, 1, 0, 0]",1
127,470,503683,,"[0, 0, 0, 0, 0, 1, 0, 0]",1
127,470,503700,,"[0, 0, 0, 0, 0, 1, 0, 0]",1
127,470,503717,,"[0, 0, 0, 0, 0, 1, 0, 0]",1
127,470,503733,,"[0, 0, 0, 0, 0, 1, 0, 0]",1
127,470,503750,,"[0, 0, 0, 0, 0, 1, 0, 0]",1
127,470,503767,,"[0, 0, 0, 0, 0, 1, 0, 0]",1
127,470,503783,,"[0, 0, 0, 0, 0, 1, 0, 0]",1
127,470,503817,,"[0, 0, 0, 0, 0, 1, 0, 0]",1
127,470,503833,,"[0, 0, 0, 0, 0, 1, 0, 0]",1
127,470,503850,,"[0, 0, 0, 0, 0, 1, 0, 0]",1
127,470,503867,,"[0, 0, 0, 0, 0, 1, 0, 0]",1
127,470,503883,,"[0, 0, 0, 0, 0, 1, 0, 0]",1
127,470,503900,,"[0, 0, 0, 0, 0, 1, 0, 0]",1
127,470,503917,,"[0, 0, 0, 0, 0, 1, 0, 0]",1
127,470,503933,,"[0, 0, 0, 0, 0, 1, 0, 0]",1
127,470,503950,,"[0, 0, 0, 0, 0, 1, 0, 0]",1
127,470,503967,,"[0, 0, 0, 0, 0, 1, 0, 0]",1
127,470,503983,,"[0, 0, 0, 0, 0, 1, 0, 0]",1
127,470,504000,,"[0, 0, 0, 0, 0, 1, 0, 0]",1
127,470,504017,,"[0, 0, 0, 0, 0, 1, 0, 0]",1
127,470,504033,,"[0, 0, 0, 0, 0, 1, 0, 0]",1
127,470,504050,,"[0, 0, 0, 0, 0, 1, 0, 0]",1
127,470,504067,,"[0, 0, 0, 0, 0, 1, 0, 0]",1
127,470,504083,,"[0, 0, 0, 0, 0, 1, 0, 0]",1
127,470,504100,,"[0, 0, 0, 0, 0, 1, 0, 0]",1
127,470,504117,,"[0, 0, 0, 0, 0, 1, 0, 0]",1
127,470,504133,,"[0, 0, 0, 0, 0, 1, 0, 0]",1
127,470,504150,,"[0, 0, 0, 0, 0, 1, 0, 0]",1
127,470,504167,,"[0, 0, 0, 0, 0, 1, 0, 0]",1
127,470,504183,,"[0, 0, 0, 0, 0, 1, 0, 0]",1
127,470,504200,,"[0, 0, 0, 0, 0, 1, 0, 0]",1
127,470,504217,,"[0, 0, 0, 0, 0, 1, 0, 0]",1
127,470,504233,,"[0, 0, 0, 0, 0, 1, 0, 0]",1
127,470,504250,,"[0, 0, 0, 0, 0, 1, 0, 0]",1
127,470,504267,,"[0, 0, 0, 0, 0, 1, 0, 0]",1
127,470,504283,,"[0, 0, 0, 0, 0, 1, 0, 0]",1
127,470,504300,,"[0, 0, 0, 0, 0, 1, 0, 0]",1
127,470,504317,,"[0, 0, 0, 0, 0, 1, 0, 0]",1
127,470,504333,,"[0, 0, 0, 0, 0, 1, 0, 0]",1
127,470,504350,,"[0, 0, 0, 0, 0, 1, 0, 0]",1
127,470,504367,,"[0, 0, 0, 0, 0, 1, 0, 0]",1
